round,deadCH
1,0
2,0
3,0
4,0
5,0
6,0
7,0
8,0
9,0
10,0
11,0
12,0
13,0
14,0
15,0
16,0
17,0
18,0
19,0
20,0
21,0
22,0
23,0
24,0
25,0
26,0
27,0
28,0
29,0
30,0
31,0
32,0
33,0
34,0
35,0
36,0
37,0
38,0
39,0
40,0
41,0
42,0
43,0
44,0
45,0
46,0
47,0
48,0
49,0
50,0
51,0
52,0
53,0
54,0
55,0
56,0
57,0
58,0
59,0
60,0
61,0
62,0
63,0
64,0
65,0
66,0
67,0
68,0
69,0
70,0
71,0
72,1
73,1
74,1
75,1
76,1
77,1
78,1
79,1
80,1
81,1
82,1
83,2
84,2
85,2
86,2
87,2
88,2
89,2
90,2
91,2
92,2
93,2
94,2
95,2
96,2
97,2
98,2
99,2
100,2
101,2
102,2
103,2
104,2
105,2
106,2
107,2
108,2
109,2
110,2
111,2
112,2
113,2
114,2
115,2
116,2
117,2
118,2
119,2
120,2
121,2
122,2
123,2
124,2
125,2
126,2
127,2
128,2
129,2
130,2
131,2
132,2
133,2
134,2
135,2
136,2
137,2
138,2
139,2
140,2
141,2
142,2
143,2
144,2
145,2
146,2
147,2
148,2
149,2
150,2
151,2
152,3
153,3
154,3
155,3
156,3
157,3
158,3
159,3
160,3
161,3
162,4
163,4
164,4
165,4
166,4
167,4
168,4
169,4
170,4
171,4
172,4
173,4
174,4
175,4
176,4
177,4
178,4
179,5
180,5
181,5
182,5
183,5
184,5
185,5
186,5
187,5
188,5
189,5
190,5
191,5
192,5
193,5
194,5
195,5
196,5
197,5
198,5
199,5
200,5
201,5
202,5
203,5
204,5
205,5
206,5
207,5
208,5
209,5
210,5
211,5
212,5
213,5
214,5
215,5
216,5
217,5
218,5
219,5
220,5
221,5
222,5
223,5
224,5
225,5
226,5
227,5
228,5
229,5
230,5
231,5
232,5
233,5
234,5
235,5
236,5
237,5
238,5
239,5
240,5
241,5
242,5
243,5
244,5
245,5
246,5
247,5
248,5
249,6
250,6
251,8
252,8
253,8
254,8
255,8
256,8
257,8
258,8
259,8
260,8
261,8
262,8
263,8
264,8
265,8
266,8
267,8
268,8
269,8
270,8
271,8
272,8
273,8
274,8
275,8
276,8
277,8
278,8
279,8
280,8
281,8
282,8
283,8
284,8
285,8
286,8
287,8
288,8
289,8
290,8
291,8
292,8
293,8
294,8
295,8
296,8
297,8
298,8
299,8
300,8
301,8
302,8
303,8
304,8
305,8
306,8
307,8
308,8
309,8
310,8
311,8
312,8
313,8
314,8
315,8
316,8
317,8
318,8
319,8
320,8
321,8
322,8
323,8
324,8
325,8
326,8
327,8
328,8
329,8
330,8
331,8
332,8
333,8
334,8
335,8
336,8
337,8
338,8
339,8
340,8
341,8
342,8
343,8
344,8
345,8
346,8
347,8
348,8
349,8
350,8
351,8
352,8
353,8
354,8
355,8
356,8
357,8
358,8
359,8
360,8
361,8
362,8
363,8
364,8
365,8
366,8
367,8
368,8
369,8
370,8
371,8
372,8
373,8
374,8
375,8
376,8
377,8
378,8
379,8
380,8
381,8
382,8
383,8
384,8
385,9
386,9
387,9
388,9
389,9
390,9
391,9
392,9
393,9
394,9
395,9
396,9
397,9
398,9
399,9
400,9
401,9
402,9
403,9
404,9
405,9
406,9
407,9
408,9
409,9
410,9
411,9
412,9
413,9
414,9
415,9
416,9
417,9
418,9
419,9
420,9
421,9
422,9
423,9
424,9
425,9
426,9
427,9
428,9
429,9
430,9
431,9
432,9
433,9
434,9
435,9
436,9
437,9
438,9
439,9
440,9
441,9
442,9
443,9
444,9
445,9
446,9
447,9
448,9
449,9
450,9
451,9
452,9
453,9
454,9
455,9
456,9
457,9
458,9
459,9
460,9
461,9
462,9
463,9
464,9
465,9
466,9
467,10
468,10
469,10
470,10
471,10
472,10
473,10
474,11
475,11
476,11
477,11
478,11
479,11
480,11
481,11
482,11
483,11
484,11
485,11
486,11
487,11
488,11
489,11
490,11
491,11
492,11
493,11
494,11
495,11
496,11
497,11
498,11
499,11
500,11
501,11
502,11
503,11
504,11
505,11
506,11
507,11
508,11
509,11
510,11
511,11
512,11
513,11
514,11
515,11
516,11
517,11
518,11
519,11
520,11
521,11
522,11
523,11
524,11
525,11
526,11
527,11
528,11
529,11
530,11
531,11
532,11
533,11
534,11
535,11
536,11
537,11
538,11
539,11
540,11
541,11
542,11
543,11
544,11
545,11
546,11
547,11
548,11
549,11
550,11
551,11
552,11
553,11
554,11
555,11
556,11
557,11
558,11
559,11
560,11
561,11
562,11
563,11
564,11
565,11
566,11
567,11
568,11
569,11
570,11
571,11
572,11
573,11
574,11
575,11
576,11
577,11
578,11
579,11
580,11
581,11
582,11
583,11
584,11
585,11
586,11
587,11
588,11
589,11
590,11
591,11
592,11
593,11
594,11
595,11
596,11
597,11
598,11
599,11
600,11
601,11
602,11
603,11
604,11
605,11
606,11
607,11
608,11
609,11
610,11
611,11
612,11
613,11
614,11
615,11
616,11
617,11
618,11
619,11
620,11
621,11
622,11
623,11
624,11
625,11
626,11
627,11
628,11
629,11
630,12
631,13
632,14
633,14
634,14
635,14
636,14
637,14
638,14
639,14
640,14
641,14
642,14
643,14
644,14
645,14
646,15
647,15
648,15
649,15
650,15
651,15
652,15
653,15
654,15
655,15
656,15
657,15
658,15
659,15
660,15
661,15
662,15
663,15
664,15
665,15
666,15
667,15
668,15
669,15
670,15
671,15
672,15
673,15
674,15
675,15
676,15
677,15
678,15
679,15
680,15
681,15
682,15
683,15
684,15
685,15
686,15
687,15
688,15
689,15
690,15
691,15
692,15
693,15
694,16
695,16
696,17
697,17
698,17
699,17
700,17
701,17
702,17
703,17
704,17
705,17
706,17
707,17
708,17
709,17
710,17
711,17
712,17
713,17
714,17
715,17
716,17
717,17
718,17
719,17
720,17
721,17
722,17
723,17
724,17
725,17
726,17
727,17
728,17
729,17
730,17
731,17
732,17
733,17
734,17
735,17
736,17
737,17
738,17
739,17
740,17
741,17
742,17
743,17
744,17
745,17
746,17
747,17
748,17
749,17
750,17
751,17
752,17
753,17
754,17
755,17
756,17
757,17
758,17
759,17
760,17
761,17
762,17
763,17
764,17
765,17
766,17
767,17
768,17
769,17
770,17
771,17
772,17
773,17
774,17
775,17
776,17
777,17
778,17
779,17
780,17
781,18
782,18
783,18
784,18
785,18
786,19
787,19
788,19
789,19
790,19
791,19
792,19
793,19
794,19
795,19
796,19
797,19
798,19
799,19
800,19
801,19
802,19
803,19
804,19
805,19
806,19
807,19
808,19
809,19
810,19
811,19
812,19
813,19
814,19
815,19
816,19
817,19
818,19
819,19
820,19
821,19
822,19
823,19
824,19
825,19
826,19
827,19
828,19
829,19
830,19
831,19
832,19
833,19
834,19
835,19
836,19
837,19
838,19
839,19
840,19
841,19
842,19
843,19
844,19
845,19
846,19
847,19
848,19
849,19
850,19
851,19
852,19
853,19
854,19
855,19
856,19
857,19
858,19
859,19
860,19
861,19
862,19
863,19
864,19
865,19
866,19
867,19
868,19
869,19
870,19
871,19
872,19
873,19
874,19
875,19
876,19
877,19
878,19
879,19
880,19
881,19
882,19
883,19
884,19
885,19
886,19
887,19
888,19
889,19
890,19
891,19
892,19
893,19
894,19
895,19
896,19
897,19
898,19
899,19
900,19
901,19
902,19
903,19
904,19
905,19
906,19
907,19
908,19
909,19
910,19
911,19
912,19
913,19
914,19
915,19
916,19
917,19
918,19
919,19
920,19
921,19
922,19
923,19
924,19
925,19
926,19
927,19
928,19
929,19
930,19
931,19
932,19
933,19
934,19
935,19
936,19
937,19
938,19
939,19
940,19
941,19
942,19
943,19
944,19
945,19
946,19
947,19
948,19
949,19
950,19
951,19
952,19
953,19
954,19
955,19
956,19
957,19
958,19
959,19
960,20
961,20
962,20
963,21
964,21
965,21
966,22
967,22
968,22
969,22
970,22
971,22
972,22
973,22
974,22
975,22
976,22
977,22
978,22
979,22
980,22
981,22
982,22
983,22
984,22
985,22
986,22
987,22
988,22
989,22
990,22
991,22
992,22
993,22
994,22
995,22
996,22
997,22
998,22
999,22
1000,22
1001,22
1002,22
1003,22
1004,22
1005,22
1006,22
1007,22
1008,22
1009,22
1010,22
1011,22
1012,22
1013,22
1014,22
1015,22
1016,22
1017,22
1018,22
1019,22
1020,22
1021,22
1022,22
1023,22
1024,22
1025,22
1026,22
1027,22
1028,22
1029,22
1030,22
1031,22
1032,22
1033,22
1034,22
1035,22
1036,22
1037,22
1038,22
1039,22
1040,22
1041,22
1042,22
1043,22
1044,22
1045,23
1046,23
1047,23
1048,23
1049,23
1050,23
1051,23
1052,24
1053,24
1054,24
1055,24
1056,24
1057,24
1058,24
1059,24
1060,24
1061,24
1062,24
1063,24
1064,24
1065,24
1066,24
1067,24
1068,24
1069,24
1070,24
1071,24
1072,24
1073,24
1074,24
1075,24
1076,24
1077,24
1078,24
1079,24
1080,24
1081,24
1082,24
1083,24
1084,24
1085,24
1086,24
1087,24
1088,24
1089,24
1090,24
1091,24
1092,24
1093,24
1094,24
1095,24
1096,24
1097,24
1098,24
1099,24
1100,24
1101,24
1102,24
1103,24
1104,24
1105,24
1106,24
1107,24
1108,24
1109,24
1110,24
1111,24
1112,24
1113,24
1114,24
1115,24
1116,24
1117,24
1118,24
1119,24
1120,24
1121,24
1122,24
1123,24
1124,24
1125,24
1126,24
1127,24
1128,24
1129,24
1130,24
1131,24
1132,24
1133,25
1134,25
1135,25
1136,25
1137,25
1138,25
1139,25
1140,25
1141,25
1142,25
1143,25
1144,25
1145,25
1146,25
1147,25
1148,25
1149,25
1150,25
1151,25
1152,25
1153,25
1154,25
1155,25
1156,25
1157,25
1158,25
1159,25
1160,25
1161,25
1162,25
1163,25
1164,25
1165,25
1166,25
1167,25
1168,25
1169,25
1170,25
1171,25
1172,25
1173,25
1174,25
1175,25
1176,25
1177,25
1178,25
1179,25
1180,25
1181,25
1182,25
1183,25
1184,25
1185,25
1186,25
1187,25
1188,25
1189,25
1190,25
1191,25
1192,25
1193,25
1194,25
1195,25
1196,25
1197,25
1198,25
1199,25
1200,25
1201,25
1202,25
1203,25
1204,25
1205,25
1206,25
1207,25
1208,25
1209,25
1210,25
1211,25
1212,25
1213,25
1214,25
1215,25
1216,25
1217,25
1218,25
1219,25
1220,25
1221,25
1222,25
1223,25
1224,25
1225,25
1226,25
1227,25
1228,25
1229,25
1230,25
1231,25
1232,25
1233,25
1234,25
1235,25
1236,25
1237,25
1238,25
1239,25
1240,25
1241,25
1242,25
1243,25
1244,25
1245,25
1246,25
1247,25
1248,25
1249,25
1250,25
1251,25
1252,25
1253,25
1254,25
1255,25
1256,25
1257,25
1258,25
1259,25
1260,25
1261,25
1262,25
1263,25
1264,25
1265,25
1266,25
1267,25
1268,25
1269,25
1270,25
1271,25
1272,25
1273,25
1274,25
1275,25
1276,25
1277,25
1278,25
1279,25
1280,25
1281,25
1282,25
1283,25
1284,25
1285,25
1286,25
1287,25
1288,25
1289,25
1290,25
1291,25
1292,25
1293,25
1294,25
1295,25
1296,25
1297,25
1298,25
1299,25
1300,25
1301,25
1302,25
1303,25
1304,25
1305,25
1306,25
1307,25
1308,25
1309,25
1310,25
1311,25
1312,25
1313,25
1314,25
1315,25
1316,25
1317,25
1318,25
1319,25
1320,25
1321,25
1322,25
1323,25
1324,25
1325,25
1326,25
1327,25
1328,25
1329,25
1330,25
1331,25
1332,25
1333,25
1334,25
1335,25
1336,25
1337,25
1338,25
1339,25
1340,25
1341,25
1342,25
1343,25
1344,25
1345,25
1346,25
1347,25
1348,25
1349,25
1350,25
1351,25
1352,25
1353,25
1354,25
1355,25
1356,25
1357,25
1358,25
1359,25
1360,25
1361,25
1362,25
1363,25
1364,25
1365,25
1366,25
1367,25
1368,25
1369,25
1370,25
1371,25
1372,25
1373,25
1374,25
1375,25
1376,25
1377,25
1378,25
1379,25
1380,25
1381,25
1382,25
1383,25
1384,25
1385,25
1386,25
1387,25
1388,25
1389,25
1390,25
1391,25
1392,25
1393,25
1394,25
1395,25
1396,25
1397,25
1398,25
1399,25
1400,25
1401,25
1402,26
1403,26
1404,26
1405,26
1406,26
1407,26
1408,26
1409,26
1410,26
1411,26
1412,26
1413,26
1414,26
1415,26
1416,26
1417,26
1418,26
1419,26
1420,26
1421,26
1422,26
1423,26
1424,26
1425,26
1426,26
1427,26
1428,26
1429,26
1430,26
1431,26
1432,26
1433,26
1434,26
1435,26
1436,26
1437,26
1438,26
1439,26
1440,26
1441,26
1442,26
1443,26
1444,26
1445,26
1446,26
1447,26
1448,26
1449,26
1450,26
1451,26
1452,26
1453,26
1454,26
1455,26
1456,26
1457,26
1458,26
1459,26
1460,26
1461,26
1462,26
1463,26
1464,26
1465,26
1466,26
1467,26
1468,26
1469,26
1470,26
1471,26
1472,26
1473,26
1474,26
1475,26
1476,26
1477,26
1478,26
1479,26
1480,26
1481,26
1482,26
1483,26
1484,26
1485,26
1486,26
1487,26
1488,26
1489,26
1490,26
1491,26
1492,26
1493,26
1494,26
1495,26
1496,26
1497,26
1498,26
1499,26
1500,26
1501,26
1502,26
1503,26
1504,26
1505,26
1506,26
1507,26
1508,26
1509,26
1510,26
1511,26
1512,26
1513,26
1514,26
1515,26
1516,26
1517,26
1518,26
1519,26
1520,26
1521,26
1522,26
1523,26
1524,26
1525,26
1526,26
1527,26
1528,26
1529,26
1530,26
1531,26
1532,26
1533,26
1534,26
1535,26
1536,26
1537,26
1538,26
1539,26
1540,26
1541,26
1542,26
1543,26
1544,26
1545,26
1546,26
1547,26
1548,26
1549,26
1550,26
1551,26
1552,26
1553,26
1554,26
1555,26
1556,26
1557,26
1558,26
1559,26
1560,26
1561,26
1562,26
1563,26
1564,26
1565,26
1566,26
1567,26
1568,26
1569,26
1570,26
1571,26
1572,26
1573,26
1574,26
1575,26
1576,26
1577,26
1578,26
1579,26
1580,26
1581,26
1582,26
1583,26
1584,26
1585,26
1586,26
1587,26
1588,26
1589,26
1590,26
1591,26
1592,26
1593,26
1594,26
1595,26
1596,26
1597,26
1598,26
1599,26
1600,26
1601,26
1602,26
1603,26
1604,26
1605,26
1606,26
1607,26
1608,26
1609,26
1610,26
1611,26
1612,26
1613,26
1614,26
1615,26
1616,26
1617,26
1618,26
1619,26
1620,26
1621,26
1622,26
1623,26
1624,26
1625,26
1626,26
1627,26
1628,26
1629,26
1630,26
1631,26
1632,26
1633,26
1634,26
1635,26
1636,26
1637,26
1638,26
1639,26
1640,26
1641,26
1642,26
1643,26
1644,26
1645,26
1646,26
1647,26
1648,26
1649,26
1650,26
1651,26
1652,26
1653,26
1654,26
1655,26
1656,26
1657,26
1658,26
1659,26
1660,26
1661,26
1662,26
1663,26
1664,26
1665,26
1666,26
1667,26
1668,26
1669,26
1670,26
1671,26
1672,26
1673,26
1674,26
1675,26
1676,26
1677,26
1678,26
1679,26
1680,26
1681,26
1682,26
1683,26
1684,26
1685,26
1686,26
1687,26
1688,26
1689,26
1690,26
1691,26
1692,26
1693,26
1694,26
1695,26
1696,26
1697,26
1698,26
1699,26
1700,26
1701,26
1702,26
1703,26
1704,26
1705,26
1706,26
1707,26
1708,26
1709,26
1710,26
1711,26
1712,26
1713,26
1714,26
1715,26
1716,26
1717,26
1718,26
1719,26
1720,26
1721,26
1722,26
1723,26
1724,26
1725,26
1726,26
1727,26
1728,26
1729,26
1730,26
1731,26
1732,26
1733,26
1734,26
1735,26
1736,26
1737,26
1738,26
1739,26
1740,26
1741,26
1742,26
1743,26
1744,26
1745,26
1746,26
1747,26
1748,26
1749,26
1750,26
1751,26
1752,26
1753,27
1754,27
1755,27
1756,27
1757,27
1758,27
1759,27
1760,27
1761,27
1762,27
1763,27
1764,27
1765,27
1766,27
1767,27
1768,27
1769,27
1770,27
1771,27
1772,27
1773,27
1774,27
1775,27
1776,27
1777,27
1778,27
1779,27
1780,27
1781,27
1782,27
1783,27
1784,27
1785,27
1786,27
1787,27
1788,27
1789,27
1790,27
1791,27
1792,27
1793,27
1794,27
1795,27
1796,27
1797,27
1798,27
1799,27
1800,27
1801,27
1802,27
1803,27
1804,27
1805,27
1806,27
1807,27
1808,27
1809,27
1810,27
1811,27
1812,27
1813,27
1814,27
1815,27
1816,27
1817,27
1818,27
1819,27
1820,27
1821,27
1822,27
1823,28
1824,28
1825,28
1826,28
1827,28
1828,28
1829,28
1830,28
1831,28
1832,28
1833,28
1834,28
1835,28
1836,28
1837,28
1838,28
1839,28
1840,28
1841,28
1842,28
1843,28
1844,28
1845,28
1846,28
1847,28
1848,28
1849,28
1850,28
1851,28
1852,28
1853,28
1854,28
1855,28
1856,28
1857,28
1858,28
1859,28
1860,28
1861,28
1862,28
1863,28
1864,28
1865,28
1866,28
1867,28
1868,28
1869,28
1870,28
1871,28
1872,28
1873,28
1874,28
1875,28
1876,28
1877,28
1878,28
1879,28
1880,28
1881,28
1882,28
1883,28
1884,28
1885,28
1886,28
1887,28
1888,28
1889,28
1890,28
1891,28
1892,28
1893,28
1894,28
1895,28
1896,28
1897,28
1898,28
1899,28
1900,28
1901,28
1902,28
1903,28
1904,28
1905,28
1906,28
1907,28
1908,28
1909,28
1910,28
1911,28
1912,28
1913,28
1914,28
1915,28
1916,28
1917,28
1918,28
1919,28
1920,28
1921,28
1922,28
1923,28
1924,28
1925,28
1926,28
1927,28
1928,28
1929,28
1930,28
1931,28
1932,28
1933,28
1934,28
1935,28
1936,28
1937,28
1938,28
1939,28
1940,28
1941,28
1942,28
1943,28
1944,28
1945,28
1946,28
1947,28
1948,28
1949,28
1950,28
1951,28
1952,28
1953,28
1954,28
1955,28
1956,28
1957,28
1958,28
1959,28
1960,28
1961,28
1962,28
1963,28
1964,28
1965,28
1966,28
1967,28
1968,28
1969,28
1970,28
1971,28
1972,28
1973,28
1974,28
1975,28
1976,28
1977,28
1978,28
1979,28
1980,28
1981,28
1982,28
1983,28
1984,28
1985,28
1986,28
1987,28
1988,28
1989,28
1990,28
1991,28
1992,28
1993,28
1994,28
1995,28
1996,28
1997,28
1998,28
1999,28
2000,28
2001,28
2002,28
2003,28
2004,28
2005,28
2006,28
2007,28
2008,28
2009,28
2010,28
2011,28
2012,28
2013,28
2014,28
2015,28
2016,28
2017,28
2018,28
2019,28
2020,28
2021,28
2022,28
2023,28
2024,28
2025,28
2026,28
2027,28
2028,28
2029,28
2030,28
2031,28
2032,28
2033,28
2034,28
2035,28
2036,28
2037,28
2038,28
2039,28
2040,28
2041,28
2042,28
2043,28
2044,28
2045,28
2046,28
2047,28
2048,28
2049,28
2050,28
2051,28
2052,28
2053,28
2054,28
2055,28
2056,28
2057,28
2058,28
2059,28
2060,28
2061,28
2062,28
2063,28
2064,28
2065,28
2066,28
2067,28
2068,28
2069,28
2070,28
2071,28
2072,28
2073,28
2074,28
2075,28
2076,28
2077,28
2078,28
2079,28
2080,28
2081,28
2082,28
2083,28
2084,28
2085,28
2086,28
2087,28
2088,28
2089,28
2090,28
2091,28
2092,28
2093,28
2094,28
2095,28
2096,28
2097,28
2098,28
2099,28
2100,28
2101,28
2102,28
2103,28
2104,28
2105,28
2106,28
2107,28
2108,28
2109,28
2110,28
2111,28
2112,28
2113,28
2114,28
2115,28
2116,28
2117,28
2118,28
2119,28
2120,28
2121,28
2122,28
2123,28
2124,28
2125,28
2126,28
2127,28
2128,28
2129,28
2130,28
2131,28
2132,28
2133,28
2134,28
2135,28
2136,28
2137,28
2138,28
2139,28
2140,28
2141,28
2142,28
2143,28
2144,28
2145,28
2146,28
2147,28
2148,28
2149,28
2150,28
2151,28
2152,28
2153,28
2154,28
2155,28
2156,28
2157,28
2158,28
2159,28
2160,28
2161,28
2162,28
2163,28
2164,28
2165,28
2166,28
2167,28
2168,28
2169,28
2170,28
2171,28
2172,28
2173,28
2174,28
2175,28
2176,28
2177,28
2178,28
2179,28
2180,28
2181,29
2182,29
2183,29
2184,29
2185,29
2186,29
2187,29
2188,29
2189,29
2190,29
2191,29
2192,29
2193,29
2194,29
2195,29
2196,29
2197,29
2198,29
2199,29
2200,29
2201,29
2202,29
2203,29
2204,29
2205,29
2206,29
2207,29
2208,29
2209,29
2210,29
2211,29
2212,29
2213,29
2214,29
2215,29
2216,29
2217,29
2218,29
2219,29
2220,29
2221,29
2222,29
2223,29
2224,29
2225,29
2226,29
2227,29
2228,29
2229,29
2230,29
2231,29
2232,29
2233,29
2234,29
2235,29
2236,29
2237,29
2238,29
2239,29
2240,29
2241,29
2242,29
2243,29
2244,29
2245,29
2246,29
2247,29
2248,29
2249,29
2250,29
2251,29
2252,29
2253,29
2254,29
2255,29
2256,29
2257,29
2258,29
2259,29
2260,29
2261,29
2262,29
2263,29
2264,29
2265,29
2266,29
2267,29
2268,29
2269,29
2270,29
2271,29
2272,29
2273,29
2274,29
2275,29
2276,29
2277,29
2278,29
2279,29
2280,29
2281,29
2282,29
2283,29
2284,29
2285,29
2286,29
2287,29
2288,29
2289,29
2290,29
2291,29
2292,29
2293,29
2294,29
2295,29
2296,29
2297,29
2298,29
2299,29
2300,29
2301,29
2302,29
2303,29
2304,29
2305,29
2306,29
2307,29
2308,29
2309,29
2310,29
2311,29
2312,29
2313,29
2314,29
2315,29
2316,29
2317,29
2318,29
2319,29
2320,29
2321,29
2322,29
2323,29
2324,29
2325,29
2326,29
2327,29
2328,29
2329,29
2330,29
2331,30
2332,30
2333,30
2334,30
2335,30
2336,30
2337,30
2338,30
2339,30
2340,30
2341,30
2342,30
2343,30
2344,30
2345,30
2346,30
2347,30
2348,30
2349,30
2350,30
2351,30
2352,30
2353,30
2354,30
2355,30
2356,30
2357,30
2358,30
2359,30
2360,30
2361,30
2362,30
2363,30
2364,30
2365,30
2366,30
2367,30
2368,30
2369,30
2370,30
2371,30
2372,30
2373,30
2374,30
2375,30
2376,30
2377,30
2378,30
2379,30
2380,30
2381,30
2382,30
2383,30
2384,30
2385,30
2386,30
2387,30
2388,30
2389,30
2390,30
2391,30
2392,30
2393,30
2394,30
2395,30
2396,30
2397,30
2398,30
2399,30
2400,30
2401,30
2402,30
2403,30
2404,30
2405,30
2406,30
2407,30
2408,30
2409,30
2410,30
2411,30
2412,30
2413,30
2414,30
2415,30
2416,30
2417,30
2418,30
2419,30
2420,30
2421,30
2422,30
2423,30
2424,30
2425,30
2426,30
2427,30
2428,30
2429,30
2430,30
2431,30
2432,30
2433,30
2434,30
2435,30
2436,30
2437,30
2438,30
2439,30
2440,30
2441,31
2442,31
2443,31
2444,31
2445,31
2446,31
2447,31
2448,31
2449,31
2450,31
2451,31
2452,31
2453,31
2454,31
2455,31
2456,31
2457,31
2458,31
2459,31
2460,31
2461,31
2462,31
2463,31
2464,31
2465,31
2466,31
2467,31
2468,31
2469,31
2470,31
2471,31
2472,31
2473,31
2474,31
2475,31
2476,31
2477,31
2478,31
2479,31
2480,31
2481,31
2482,31
2483,31
2484,31
2485,31
2486,31
2487,31
2488,31
2489,31
2490,31
2491,31
2492,31
2493,31
2494,31
2495,31
2496,31
2497,31
2498,31
2499,31
2500,31
2501,31
2502,31
2503,31
2504,31
2505,31
2506,31
2507,31
2508,31
2509,31
2510,31
2511,31
2512,31
2513,31
2514,31
2515,31
2516,31
2517,31
2518,31
2519,31
2520,31
2521,31
2522,31
2523,31
2524,31
2525,31
2526,31
2527,31
2528,31
2529,31
2530,31
2531,31
2532,31
2533,31
2534,31
2535,31
2536,31
2537,31
2538,31
2539,31
2540,31
2541,31
2542,31
2543,31
2544,31
2545,31
2546,31
2547,31
2548,31
2549,31
2550,31
2551,31
2552,31
2553,31
2554,31
2555,31
2556,31
2557,31
2558,31
2559,31
2560,31
2561,31
2562,31
2563,31
2564,31
2565,31
2566,31
2567,31
2568,31
2569,31
2570,31
2571,31
2572,31
2573,31
2574,31
2575,31
2576,31
2577,31
2578,31
2579,31
2580,31
2581,31
2582,31
2583,31
2584,31
2585,31
2586,31
2587,31
2588,31
2589,31
2590,31
2591,31
2592,31
2593,31
2594,31
2595,31
2596,31
2597,31
2598,31
2599,31
2600,31
2601,31
2602,31
2603,31
2604,31
2605,31
2606,31
2607,31
2608,31
2609,31
2610,31
2611,31
2612,31
2613,31
2614,31
2615,31
2616,31
2617,31
2618,31
2619,31
2620,31
2621,31
2622,31
2623,31
2624,31
2625,31
2626,31
2627,31
2628,31
2629,31
2630,31
2631,31
2632,31
2633,31
2634,31
2635,31
2636,31
2637,31
2638,31
2639,31
2640,31
2641,31
2642,31
2643,31
2644,31
2645,31
2646,31
2647,31
2648,31
2649,31
2650,31
2651,31
2652,31
2653,31
2654,31
2655,31
2656,31
2657,31
2658,31
2659,31
2660,31
2661,31
2662,31
2663,31
2664,31
2665,31
2666,31
2667,31
2668,31
2669,31
2670,31
2671,31
2672,31
2673,31
2674,31
2675,31
2676,31
2677,31
2678,31
2679,31
2680,31
2681,31
2682,31
2683,31
2684,31
2685,31
2686,31
2687,31
2688,31
2689,31
2690,31
2691,31
2692,31
2693,31
2694,31
2695,31
2696,31
2697,31
2698,31
2699,31
2700,31
2701,31
2702,31
2703,31
2704,31
2705,31
2706,31
2707,31
2708,31
2709,31
2710,31
2711,31
2712,31
2713,31
2714,31
2715,31
2716,31
2717,31
2718,31
2719,31
2720,31
2721,31
2722,31
2723,31
2724,31
2725,31
2726,31
2727,31
2728,31
2729,31
2730,31
2731,31
2732,31
2733,31
2734,31
2735,31
2736,31
2737,31
2738,31
2739,31
2740,31
2741,31
2742,31
2743,31
2744,31
2745,31
2746,31
2747,31
2748,31
2749,31
2750,31
2751,31
2752,31
2753,31
2754,31
2755,31
2756,31
2757,31
2758,31
2759,31
2760,31
2761,31
2762,31
2763,31
2764,31
2765,31
2766,31
2767,31
2768,31
2769,31
2770,31
2771,31
2772,31
2773,31
2774,31
2775,31
2776,31
2777,31
2778,31
2779,31
2780,31
2781,31
2782,31
2783,31
2784,31
2785,31
2786,31
2787,31
2788,31
2789,31
2790,31
2791,31
2792,31
2793,31
2794,31
2795,31
2796,31
2797,31
2798,31
2799,31
2800,31
2801,31
2802,31
2803,31
2804,31
2805,31
2806,31
2807,31
2808,31
2809,31
2810,31
2811,31
2812,31
2813,31
2814,31
2815,31
2816,31
2817,31
2818,31
2819,31
2820,31
2821,31
2822,31
2823,31
2824,31
2825,31
2826,31
2827,31
2828,31
2829,31
2830,31
2831,31
2832,31
2833,31
2834,31
2835,31
2836,31
2837,31
2838,31
2839,31
2840,31
2841,31
2842,31
2843,31
2844,31
2845,31
2846,31
2847,31
2848,31
2849,31
2850,31
2851,31
2852,31
2853,31
2854,31
2855,31
2856,31
2857,31
2858,31
2859,31
2860,31
2861,31
2862,31
2863,31
2864,31
2865,31
2866,31
2867,31
2868,31
2869,31
2870,31
2871,31
2872,31
2873,31
2874,31
2875,31
2876,31
2877,31
2878,31
2879,31
2880,31
2881,31
2882,31
2883,31
2884,31
2885,31
2886,31
2887,31
2888,31
2889,31
2890,31
2891,31
2892,31
2893,31
2894,31
2895,31
2896,31
2897,31
2898,31
2899,31
2900,31
2901,31
2902,31
2903,31
2904,31
2905,31
2906,31
2907,31
2908,31
2909,31
2910,31
2911,31
2912,31
2913,31
2914,31
2915,31
2916,31
2917,31
2918,31
2919,31
2920,31
2921,31
2922,31
2923,31
2924,31
2925,31
2926,31
2927,31
2928,31
2929,31
2930,31
2931,31
2932,31
2933,31
2934,31
2935,31
2936,31
2937,31
2938,31
2939,31
2940,31
2941,31
2942,31
2943,31
2944,31
2945,31
2946,31
2947,31
2948,31
2949,31
2950,31
2951,31
2952,31
2953,31
2954,31
2955,31
2956,31
2957,31
2958,31
2959,31
2960,31
2961,31
2962,31
2963,31
2964,31
2965,31
2966,31
2967,31
2968,31
2969,31
2970,31
2971,31
2972,31
2973,31
2974,31
2975,31
2976,31
2977,31
2978,31
2979,31
2980,31
2981,31
2982,31
2983,31
2984,31
2985,31
2986,31
2987,31
2988,31
2989,31
2990,31
2991,31
2992,31
2993,31
2994,31
2995,31
2996,31
2997,31
2998,31
2999,31
3000,31
