round,energyConsumed
1,0.7618547440742987
2,0.7618547440793009
3,0.7618547440670227
4,0.7618547440783914
5,0.7618547440765724
6,0.7618547440620205
7,0.7618547440738439
8,0.7618547440783914
9,0.7618547440706607
10,0.7618547440761176
11,0.7618547440747534
12,0.7620111280198216
13,0.7453223230763797
14,0.7453223230718322
15,0.7453223230772892
16,0.7453223230709227
17,0.7453223230645563
18,0.7453223230772892
19,0.745322323072287
20,0.7453223230750154
21,0.745322323074106
22,0.7453223230781987
23,0.7453223230759249
24,0.7453223230772892
25,0.7453223230727417
26,0.7453223230736512
27,0.7453223230768344
28,0.7455167500575044
29,0.7455167500784228
30,0.7053941250774187
31,0.7053941250692333
32,0.705394125080602
33,0.7053941250737807
34,0.7053941250205753
35,0.7053941250724165
36,0.7053941250774187
37,0.7053941250719618
38,0.7053941250765092
39,0.7058606130613043
40,0.7058606130735825
41,0.7058606130767657
42,0.7058606130754015
43,0.705860613074492
44,0.7058606130717635
45,0.7058606130804037
46,0.706056346074547
47,0.7060563460777303
48,0.7060563460704543
49,0.7088714440783406
50,0.706056346074547
51,0.7088714440619697
52,0.7060563460754565
53,0.7088714440710646
54,0.706056346076366
55,0.7088714440801596
56,0.7061968120174242
57,0.7090119100762422
58,0.7061968120774509
59,0.7090119100685115
60,0.7061968120783604
61,0.7090119100780612
62,0.7061968120588062
63,0.7090119100744232
64,0.7061968120756319
65,0.7090119100757875
66,0.7061968120779056
67,0.7091882620752585
68,0.706373164076922
69,0.7088765940761732
70,0.7090394110718989
71,0.7094482940738089
72,0.6014043670297724
73,0.5989757410152379
74,0.5699143660281152
75,0.572729464024178
76,0.5699143660240225
77,0.5651251330259583
78,0.5623100349712331
79,0.5651251330282321
80,0.5624917070258562
81,0.5653068050246475
82,0.5624917070294941
83,0.5088941370258908
84,0.47197992275323486
85,0.4747950207683971
86,0.4719799227668773
87,0.4719799227632393
88,0.45465591976881115
89,0.45184082176456286
90,0.45465591976972064
91,0.45184082176638185
92,0.47018415976208416
93,0.45184082177001983
94,0.4701841597652674
95,0.4673690617532884
96,0.47018415976572214
97,0.4675151897649812
98,0.47048214376627584
99,0.4676670457661203
100,0.45495390377118383
101,0.4676670457065484
102,0.47048214376809483
103,0.46766704576384655
104,0.4704821437667306
105,0.467667045768394
106,0.4549539037525392
107,0.4676670457661203
108,0.47048214376945907
109,0.4676670457606633
110,0.47062404776806943
111,0.46780894976654963
112,0.4706240477676147
113,0.45228070976781964
114,0.4706240477694337
115,0.4678089497615474
116,0.47062404776715994
117,0.46780894975154297
118,0.4706240477689789
119,0.46780894976473064
120,0.455095807761154
121,0.46753602177159337
122,0.47035111976720145
123,0.4675360217102025
124,0.4705081957672519
125,0.4708295857685698
126,0.4553013457616544
127,0.4708295857653866
128,0.47082958575856537
129,0.47082958576402234
130,0.4708295857676603
131,0.47082958576220335
132,0.4708295857662961
133,0.4543642817689033
134,0.4698925217685428
135,0.46989252176626906
136,0.4698925217694523
137,0.4698925217630858
138,0.46989252176445007
139,0.4698774677685833
140,0.4543492277543919
141,0.4698774677635811
142,0.4698774677649453
143,0.46987746776721906
144,0.4698774677704023
145,0.46987746771037564
146,0.4543492277666701
147,0.4698774677667643
148,0.46987746776312633
149,0.4698774677676738
150,0.4698774677667643
151,0.4698774677531219
152,0.4348044627031413
153,0.40869233570128927
154,0.42455240970184605
155,0.42455240970093655
156,0.42455240970366503
157,0.4245524097004818
158,0.42455240969820807
159,0.40902416970493505
160,0.4245524096986628
161,0.4245524097013913
162,0.3885339450130232
163,0.38763090502425257
164,0.38763090502197883
165,0.3876309050256168
166,0.36771504902571905
167,0.38324328897078885
168,0.38324328902444904
169,0.3832432890258133
170,0.38324328902172056
171,0.3832432890239943
172,0.38324328902626803
173,0.3677150490107124
174,0.38324328902535854
175,0.3832432890249038
176,0.3832432890203563
177,0.38324328902626803
178,0.38324328902444904
179,0.3615495330295744
180,0.3456605274905087
181,0.34566052748732545
182,0.34566052748732545
183,0.3456605274923277
184,0.3456605274764115
185,0.34566052748732545
186,0.3301322874917787
187,0.34566052748823495
188,0.3456605274886897
189,0.34566052749096343
190,0.3456605274318463
191,0.3456605274946014
192,0.3456605274877802
193,0.3301322874881407
194,0.3456605274905087
195,0.3456605274745925
196,0.3456605274918729
197,0.3456605274886897
198,0.3456605274877802
199,0.3301322874908692
200,0.34583700048779065
201,0.3458370004914286
202,0.3458370004891549
203,0.3458370004914286
204,0.3458370004891549
205,0.34583700048870014
206,0.33030876047541824
207,0.3425100664890124
208,0.34583700048870014
209,0.34251006648946714
210,0.3425100664912861
211,0.34583700048960964
212,0.32698182643298423
213,0.34583700049051913
214,0.34251006649265037
215,0.3425100664831007
216,0.34583700049051913
217,0.3417367094943984
218,0.34506364347498675
219,0.3262084694870282
220,0.3417367094875772
221,0.3450636434890839
222,0.3417367094916699
223,0.3450636434936314
224,0.3417367094875772
225,0.34173670948939616
226,0.32953540348853494
227,0.3417367094871224
228,0.34522131749235996
229,0.34189438347493706
230,0.34189438349039847
231,0.3452213174891767
232,0.3263661434880305
233,0.34522131749054097
234,0.34189438343628353
235,0.3418943834908532
236,0.34522131748735774
237,0.34189438348812473
238,0.3452213174909957
239,0.326366143490759
240,0.3418943834763013
241,0.34522131748826723
242,0.34189438348767
243,0.3452213174891767
244,0.3418943834890342
245,0.326366143490759
246,0.34522131749235996
247,0.3420555054885881
248,0.34538243948736636
249,0.33692808749037795
250,0.315504417534612
251,0.291173698253715
252,0.24497985905873065
253,0.24830679306069214
254,0.24497985905554742
255,0.2483067930584184
256,0.2449798590150749
257,0.24497985904827146
258,0.2483067930593279
259,0.24497985905600217
260,0.2483067930611469
261,0.2449798590582759
262,0.24497985904463349
263,0.25553436905920535
264,0.25220743505906285
265,0.2555343690546579
266,0.2519718300582099
267,0.25197183006184787
268,0.255554682057209
269,0.2519718300609384
270,0.25197183005411716
271,0.25555468205766374
272,0.2519718300604836
273,0.25555468204538556
274,0.2519718300600289
275,0.2519718300604836
276,0.2555546820544805
277,0.2519718300609384
278,0.25197183005684565
279,0.2555546820044583
280,0.25197183005866464
281,0.2555546820603922
282,0.2519718300563909
283,0.2519718300582099
284,0.25555468204447607
285,0.2519718300591194
286,0.2555546820603922
287,0.25197183005411716
288,0.25197183005775514
289,0.25555468206175647
290,0.2519718300609384
291,0.2519718300573004
292,0.2555546820603922
293,0.2519718300554814
294,0.2555546820544805
295,0.2519718300468412
296,0.2519718300604836
297,0.25555468206175647
298,0.2519718300554814
299,0.2519718300582099
300,0.25555468205857323
301,0.25197183000500445
302,0.2555546820581185
303,0.25197183005775514
304,0.25197183005775514
305,0.25555468205948273
306,0.25197183005957413
307,0.2519718300432032
308,0.25555468205857323
309,0.25197183005775514
310,0.25555468205948273
311,0.25197183005866464
312,0.2519718300582099
313,0.2555546820622112
314,0.2519718300536624
315,0.25197183005866464
316,0.255554682059028
317,0.25197183005866464
318,0.2555546820449308
319,0.25197183005866464
320,0.2519718300563909
321,0.25555468206084697
322,0.25197183005866464
323,0.2519718300018212
324,0.2555546820640302
325,0.2519718300573004
326,0.2555546820544805
327,0.2519718300600289
328,0.2519718300591194
329,0.2555546820476593
330,0.2519718300573004
331,0.25197183005775514
332,0.25555468205766374
333,0.2519718300582099
334,0.2555546820613017
335,0.25197183005684565
336,0.2519718300591194
337,0.25555468205539
338,0.2519718300591194
339,0.2519718300604836
340,0.2545208490450932
341,0.25093799705700803
342,0.25452084906373784
343,0.25093799705246056
344,0.25093799705791753
345,0.25452084906191885
346,0.25093799700334785
347,0.25093799705928177
348,0.25468931705790965
349,0.2511064650566368
350,0.25468931705972864
351,0.2511064650452681
352,0.2511064650602748
353,0.2546893170574549
354,0.25110646505709155
355,0.2511064650575463
356,0.2546893170624571
357,0.25110646505709155
358,0.2546893170592739
359,0.25110646505436307
360,0.25110646505891054
361,0.2546893170601834
362,0.25110646504435863
363,0.2511064650602748
364,0.2546893170574549
365,0.2511064650566368
366,0.2546893170601834
367,0.2511064650602748
368,0.25110646500024814
369,0.25468931706291187
370,0.2511064650602748
371,0.25110646505436307
372,0.25468931705790965
373,0.25128287504639957
374,0.2548657270599506
375,0.25128287505594926
376,0.25128287505776825
377,0.2548657270590411
378,0.25128287505867775
379,0.2512828750609515
380,0.25486572705858634
381,0.2512828750591325
382,0.2548657270563126
383,0.25128287505503977
384,0.25128287505867775
385,0.25472072705360915
386,0.2385014266315011
387,0.23850142662740836
388,0.24208427863459292
389,0.23850142663195584
390,0.23850142657647666
391,0.23850142663332008
392,0.2420842786305002
393,0.2385014266305916
394,0.23850142663241058
395,0.23850142663195584
396,0.24208427861503878
397,0.23850142663513907
398,0.23850142662649887
399,0.23850142663377483
400,0.24208427863459292
401,0.23850142663013685
402,0.23850142663468432
403,0.23850142662922735
404,0.24208427863004545
405,0.23850142663241058
406,0.23850142663104634
407,0.23746776561847582
408,0.24105061763202684
409,0.23746776563439198
410,0.23746776562666128
411,0.24105061763202684
412,0.23746776557845806
413,0.23746776563348249
414,0.23746776563029925
415,0.2410506176315721
416,0.2374677656298445
417,0.23746776563211824
418,0.23746776561984007
419,0.24105061763111735
420,0.2374677656298445
421,0.23746776563348249
422,0.23746776562757077
423,0.24105061763657432
424,0.2374677656316635
425,0.2374677656316635
426,0.23746776562757077
427,0.2410506176315721
428,0.23746776563393723
429,0.23746776561665683
430,0.2374677656316635
431,0.24105061763384583
432,0.23746776562938976
433,0.23746776563393723
434,0.23746776563029925
435,0.24105061757654767
436,0.23746776563302774
437,0.23746776562802552
438,0.24105061763430058
439,0.237467765630754
440,0.23746776561802108
441,0.23746776563439198
442,0.2410506176306626
443,0.23746776562711602
444,0.23746776563302774
445,0.23746776563348249
446,0.24105061763111735
447,0.23746776563302774
448,0.2374677656316635
449,0.23746776562848027
450,0.2410506176324816
451,0.2376325576178715
452,0.2376325576324234
453,0.23763255763151392
454,0.2414107196295845
455,0.23782786763240438
456,0.23782786763149488
457,0.2378278675769252
458,0.24141071963595095
459,0.2378278676296759
460,0.2378278676287664
461,0.23782786763240438
462,0.24141071961776106
463,0.23782786763240438
464,0.23782786763149488
465,0.24141071963094873
466,0.23782786763149488
467,0.23627421763330858
468,0.2215463932975581
469,0.22512924528928124
470,0.22154639329346537
471,0.2215463932889179
472,0.22154639329437487
473,0.22512924529382872
474,0.21956767168740043
475,0.2142142357006378
476,0.21421423569836406
477,0.21779708770100115
478,0.21421423570200204
479,0.21421423564834186
480,0.2142142356997283
481,0.21779708770100115
482,0.21421423569654507
483,0.2142142357024568
484,0.21421423570427578
485,0.2177970876841755
486,0.21421423570018305
487,0.21421423569927356
488,0.2177970877005464
489,0.21421423570200204
490,0.21421423570200204
491,0.21421423570018305
492,0.21779708769918216
493,0.2142142357015473
494,0.2142142356997283
495,0.21421423570018305
496,0.21779708768917772
497,0.2142142357015473
498,0.2142142357006378
499,0.21421423569699982
500,0.21779708770100115
501,0.21421423564834186
502,0.2142142357015473
503,0.21421423570018305
504,0.2177970876996369
505,0.2142142356997283
506,0.2142142357015473
507,0.21421423568835962
508,0.21779708769918216
509,0.2142142357006378
510,0.2142142356997283
511,0.21421423570018305
512,0.21779708770191064
513,0.2142142357015473
514,0.2142142357006378
515,0.21779708769827266
516,0.2142142356997283
517,0.2142142356997283
518,0.21421423568926912
519,0.2177970877014559
520,0.21421423569927356
521,0.21421423570018305
522,0.21421423570109255
523,0.2177970877023654
524,0.21421423564652287
525,0.21421423570200204
526,0.21421423569609033
527,0.21779708770009165
528,0.2142142357015473
529,0.21421423568972386
530,0.2142142356988188
531,0.2177970877014559
532,0.21421423570109255
533,0.21421423570018305
534,0.21421423570018305
535,0.2177970877005464
536,0.21421423570291154
537,0.21421423570200204
538,0.21421423569563558
539,0.21779708770100115
540,0.2142142356851764
541,0.21421423570427578
542,0.2177970877014559
543,0.21421423569745457
544,0.2142142357024568
545,0.21421423569927356
546,0.21779708764825045
547,0.2142142357015473
548,0.2142142357015473
549,0.21421423569745457
550,0.2177970876996369
551,0.21421423568790487
552,0.2142142357015473
553,0.2142142357006378
554,0.21779708769781791
555,0.21421423570109255
556,0.2142142357006378
557,0.21421423570382103
558,0.21779708769918216
559,0.2142142357006378
560,0.2142142356997283
561,0.21421423570200204
562,0.2177970876996369
563,0.21421423568699538
564,0.2142142357006378
565,0.21421423569927356
566,0.2177970877005464
567,0.21421423570382103
568,0.21421423564561337
569,0.21779708770009165
570,0.21421423570200204
571,0.21421423569836406
572,0.21421423570109255
573,0.2177970877023654
574,0.21421423568699538
575,0.21421423569995568
576,0.21421423569768194
577,0.21779708770122852
578,0.2142142357024568
579,0.2142142357015473
580,0.21421423570086517
581,0.21863311970037103
582,0.21505026769750657
583,0.2150502676997803
584,0.21505026770273616
585,0.21863311968695598
586,0.2150502676997803
587,0.21505026770387303
588,0.21505026769773394
589,0.21863311970082577
590,0.21505026764748436
591,0.21505026770023505
592,0.21505026770137192
593,0.21863311969991628
594,0.21505026770114455
595,0.21505026769955293
596,0.2186331196876381
597,0.21505026770091717
598,0.2150502677015993
599,0.21505026769682445
600,0.2186331197024174
601,0.21505026770205404
602,0.21505026770205404
603,0.21505026769750657
604,0.21863311970105315
605,0.21505026769955293
606,0.2150502677015993
607,0.21505026768750213
608,0.21863311970196264
609,0.2150502676988708
610,0.21505026769932556
611,0.21505026770228142
612,0.2186331197015079
613,0.215050267647257
614,0.2150502677006898
615,0.21505026769682445
616,0.21863311970219002
617,0.21505026770023505
618,0.21505026768818425
619,0.2150502677006898
620,0.21863311970196264
621,0.21505026769750657
622,0.21505026769955293
623,0.21863311970287214
624,0.21505026770091717
625,0.2150502677025088
626,0.21505026770273616
627,0.2186331196944593
628,0.21505026770273616
629,0.21505026768682
630,0.21244509909774933
631,0.20046659109880238
632,0.18584098947371785
633,0.1745429168965984
634,0.17454291689887214
635,0.17454291684521195
636,0.1745429168984174
637,0.17454291689932688
638,0.17454291689182355
639,0.17454291689864476
640,0.17454291688909507
641,0.17454291689523416
642,0.17454291689682577
643,0.1745429168947794
644,0.17454291689796264
645,0.17454291689728052
646,0.16580644999407923
647,0.1664927913932388
648,0.16649279139210194
649,0.16649279139255668
650,0.16649279139278406
651,0.1664927913941483
652,0.16649279138164275
653,0.1664927913941483
654,0.16649279138937345
655,0.1664927913950578
656,0.1664927913984684
657,0.16649279133639538
658,0.1664927913959673
659,0.1664927913950578
660,0.16649279139141981
661,0.16649279139278406
662,0.16649279139573991
663,0.16649279137914164
664,0.16649279139255668
665,0.16649279139551254
666,0.16649279139051032
667,0.16649279139551254
668,0.16649279139301143
669,0.1664927913950578
670,0.16649279139210194
671,0.16649279139187456
672,0.1664927913916472
673,0.16649279139573991
674,0.16649279138141537
675,0.16649279139301143
676,0.16649279139346618
677,0.1664927913916472
678,0.16649279139278406
679,0.16649279134344397
680,0.1664927913959673
681,0.16649279139392092
682,0.1664927913880092
683,0.1664927913941483
684,0.16649279139687678
685,0.16649279137959638
686,0.16649279139255668
687,0.16649279139460305
688,0.16649279139210194
689,0.16649279139460305
690,0.16649279139369355
691,0.16649279139369355
692,0.1664927913932388
693,0.1664927913916472
694,0.15357679477574493
695,0.1529478585380275
696,0.14948558123637667
697,0.14800942584065524
698,0.14800942583792676
699,0.1480094258340614
700,0.14800942583792676
701,0.1480094258417921
702,0.1480094257822202
703,0.14800942583974575
704,0.1480094258367899
705,0.14800942583428878
706,0.14800942584042787
707,0.14800942582223797
708,0.14800942583769938
709,0.148009425839291
710,0.1480094258358804
711,0.148009425837472
712,0.14800942583883625
713,0.14800942583701726
714,0.1480094258383815
715,0.14800942583815413
716,0.1480094258349709
717,0.1480094258383815
718,0.14800942582337484
719,0.14800942583769938
720,0.14800942583860888
721,0.1480094258365625
722,0.14800942583769938
723,0.14800942583906362
724,0.14800942578540344
725,0.1480094258365625
726,0.14800942583974575
727,0.14800942583292453
728,0.14800942583906362
729,0.14800942584156473
730,0.1480094258238296
731,0.1480094258340614
732,0.14800942583610777
733,0.14800942583860888
734,0.14800942583701726
735,0.14800942584042787
736,0.14800942584065524
737,0.14800942583565302
738,0.14800942583383403
739,0.14800942583769938
740,0.14800942583883625
741,0.1480094258238296
742,0.14800942583610777
743,0.14800942583724463
744,0.14800942583906362
745,0.14800942583769938
746,0.14800942578699505
747,0.14800942583542565
748,0.1480094258383815
749,0.14800942583474352
750,0.14800942583883625
751,0.14800942583815413
752,0.14800942582519383
753,0.14800942583792676
754,0.1480094258367899
755,0.14800942583610777
756,0.14721264683657864
757,0.147212646840444
758,0.14721264683839763
759,0.14721264683748814
760,0.1472126468343049
761,0.14721264683726076
762,0.14721264683748814
763,0.14721264682543733
764,0.14721264683726076
765,0.1472126468395345
766,0.14721264683453228
767,0.14721264683839763
768,0.14721264682930268
769,0.1472126467938324
770,0.14721264683976187
771,0.14721264683316804
772,0.14721264683976187
773,0.14721264683839763
774,0.14721264682384572
775,0.147212646838625
776,0.14721264683589652
777,0.14721264683498703
778,0.14721264683885238
779,0.14721264683998925
780,0.14721264683839763
781,0.14719995884001946
782,0.1468046924733244
783,0.146804692474916
784,0.14680469247787187
785,0.14680469246241046
786,0.1407402317154265
787,0.1357660467115238
788,0.1357660467108417
789,0.13576604670856796
790,0.13576604671220593
791,0.1357660466590005
792,0.13576604671061432
793,0.1357660467108417
794,0.13576604670788583
795,0.13576604671197856
796,0.1357660466951529
797,0.13576604671288806
798,0.1357660467090227
799,0.13576604670834058
800,0.1357660467117512
801,0.13576604671106907
802,0.13576604671402492
803,0.13576604671038695
804,0.13576604670970482
805,0.13576604670879533
806,0.13576604670765846
807,0.1357660466987909
808,0.13576604671197856
809,0.1357660467124333
810,0.13576604670697634
811,0.13576604671197856
812,0.1357660467115238
813,0.135766046656272
814,0.1357660467117512
815,0.13576604671379755
816,0.13576604670538472
817,0.13576604671288806
818,0.13576604671015957
819,0.13576604669674452
820,0.1357660467108417
821,0.1357660467074311
822,0.13576604671288806
823,0.13576604671197856
824,0.13576604671106907
825,0.1357660467108417
826,0.13576604670856796
827,0.13576604671106907
828,0.13576604670879533
829,0.13576604671379755
830,0.13576604669378867
831,0.1357660467124333
832,0.13576604670788583
833,0.13576604671106907
834,0.1357660467133428
835,0.13576604665786363
836,0.1357660467117512
837,0.13576604671038695
838,0.13576604670856796
839,0.13576604671038695
840,0.1357660467124333
841,0.13576604669538028
842,0.13576604671129644
843,0.13576604671106907
844,0.13576604670925008
845,0.1357660467099322
846,0.13576604671447967
847,0.13576604670970482
848,0.13576604671038695
849,0.13576604670834058
850,0.13576604670834058
851,0.1357660467124333
852,0.13576604669651715
853,0.13576604671106907
854,0.13576604671288806
855,0.1357660467065216
856,0.1357660467115238
857,0.13576604671197856
858,0.13576604665877312
859,0.13576604671106907
860,0.13576604671038695
861,0.13576604670765846
862,0.13576604671311543
863,0.13576604669719927
864,0.1357660467099322
865,0.13576604671038695
866,0.13576604671061432
867,0.13576604671038695
868,0.1357660467099322
869,0.13576604671220593
870,0.13576604671015957
871,0.13576604670856796
872,0.1357660467090227
873,0.13576604671220593
874,0.13576604669674452
875,0.1357660467124333
876,0.13576604671061432
877,0.1357660467065216
878,0.13576604671266068
879,0.13576604671197856
880,0.13576604665536252
881,0.13576604671470704
882,0.1357660467108417
883,0.1357660467090227
884,0.13576604671015957
885,0.13576604669651715
886,0.1357660467115238
887,0.13576604671106907
888,0.1357660467081132
889,0.1357660467108417
890,0.1357660467108417
891,0.13576604671311543
892,0.13576604671038695
893,0.13576604671106907
894,0.13576604670674897
895,0.1357660467115238
896,0.13576604670765846
897,0.13576604670151937
898,0.1357660467099322
899,0.1357660467072037
900,0.1357660467117512
901,0.13576604671266068
902,0.13576604665831837
903,0.1357660467099322
904,0.1357660467133428
905,0.1357660467072037
906,0.13576604670947745
907,0.13576604671379755
908,0.13576604669492554
909,0.13576604671220593
910,0.13576604670583947
911,0.13576604671288806
912,0.1357660467124333
913,0.13576604671129644
914,0.13576604671129644
915,0.13576604671106907
916,0.13576604670629422
917,0.13576604671129644
918,0.13576604671220593
919,0.13576604669583503
920,0.13576604671061432
921,0.13576604671311543
922,0.13576604670697634
923,0.13596325271100795
924,0.13596325265939413
925,0.13596325271123533
926,0.1359632527114627
927,0.13596325270827947
928,0.13596325270987109
929,0.1359632527123722
930,0.1359632526966834
931,0.1359632527105532
932,0.13596325271032583
933,0.13596325270759735
934,0.1359632527123722
935,0.13596325271191745
936,0.13596325270987109
937,0.13596325271282694
938,0.13596325270691523
939,0.13596325271009846
940,0.13596325271305432
941,0.13596325269577392
942,0.1359632527105532
943,0.1359632527123722
944,0.13596325270873422
945,0.1359632527114627
946,0.13596325271009846
947,0.1359632526596215
948,0.13596325271100795
949,0.13634927670841535
950,0.1363492767088701
951,0.1363492767131902
952,0.13634927669568242
953,0.13634927671205332
954,0.13634927671000696
955,0.13634927670659636
956,0.13634927671341757
957,0.13634927671205332
958,0.1363492767104617
959,0.13634927671068908
960,0.13311460651448215
961,0.13201569816010306
962,0.1320156981682885
963,0.12344583470280668
964,0.12403273734094
965,0.12403273733980313
966,0.12005533524279599
967,0.11860943196870721
968,0.11860943196779772
969,0.11860943191413753
970,0.11860943196893459
971,0.11860943196961671
972,0.11860943196347762
973,0.11860943196779772
974,0.11860943195461005
975,0.1186094319662061
976,0.11860943196938933
977,0.11860943196438711
978,0.11860943196802509
979,0.11860943196916196
980,0.11860943197120832
981,0.11860943196484186
982,0.11860943196916196
983,0.11860943196461449
984,0.1186094319671156
985,0.11860943197007145
986,0.11860943195370055
987,0.11860943196643348
988,0.11860943196643348
989,0.11860943196779772
990,0.1186094319671156
991,0.11860943191754814
992,0.11860943196847984
993,0.11860943196757034
994,0.11860943196393237
995,0.11860943196757034
996,0.1186094319714357
997,0.11860943195165419
998,0.11860943196734297
999,0.11860943196506923
1000,0.11860943196802509
1001,0.11860943196893459
1002,0.11860943196802509
1003,0.11860943197007145
1004,0.1186094319662061
1005,0.1186094319671156
1006,0.1186094319662061
1007,0.11860943196847984
1008,0.11860943195483742
1009,0.11860943196757034
1010,0.11860943196938933
1011,0.11860943196347762
1012,0.11860943196938933
1013,0.1186094319161839
1014,0.11860943196779772
1015,0.11860943196870721
1016,0.11860943196302287
1017,0.11860943196961671
1018,0.11860943196666085
1019,0.11860943195551954
1020,0.11860943196688822
1021,0.11860943196916196
1022,0.11860943196370499
1023,0.11860943197075358
1024,0.11860943196666085
1025,0.11860943196779772
1026,0.11860943196984408
1027,0.1186094319627955
1028,0.11860943196757034
1029,0.11860943196847984
1030,0.11860943195574691
1031,0.1186094319671156
1032,0.11860943196916196
1033,0.11860943196325024
1034,0.11860943196938933
1035,0.11860943196984408
1036,0.11860943191391016
1037,0.11860943197029883
1038,0.11860943196325024
1039,0.11860943196779772
1040,0.11860943196825247
1041,0.11860943195370055
1042,0.11860943196893459
1043,0.11860943196688822
1044,0.1186094319671156
1045,0.11517643202705585
1046,0.11050222767471496
1047,0.11050222767335072
1048,0.1105022276726686
1049,0.11050222767221385
1050,0.11050222766948536
1051,0.11050222767335072
1052,0.10501894349863505
1053,0.10533477309809314
1054,0.10533477309331829
1055,0.10533477309036243
1056,0.10533477309513728
1057,0.10533477309536465
1058,0.10533477304193184
1059,0.10533477309331829
1060,0.1053347730949099
1061,0.10533477308968031
1062,0.10533477309400041
1063,0.105334773078539
1064,0.1053347730949099
1065,0.10533477309559203
1066,0.10533477308922556
1067,0.1053347730967289
1068,0.10533477309104455
1069,0.10533477309559203
1070,0.10533477309468253
1071,0.10533477309354566
1072,0.10533477309036243
1073,0.10533477309513728
1074,0.10533477309400041
1075,0.10533477307899375
1076,0.10533477309468253
1077,0.1053347730905898
1078,0.1053347730949099
1079,0.10533477309536465
1080,0.10533477304170447
1081,0.10533477309331829
1082,0.10533477309513728
1083,0.10533477308877082
1084,0.10533477309513728
1085,0.1053347730967289
1086,0.1053347730751284
1087,0.1053347730967289
1088,0.1053347730905898
1089,0.10533477309559203
1090,0.1053347730949099
1091,0.10533477309354566
1092,0.10533477309309092
1093,0.1053347730958194
1094,0.10533477309104455
1095,0.10533477309172667
1096,0.10533477309513728
1097,0.10533477307922112
1098,0.10533477309422778
1099,0.10533477309559203
1100,0.10533477309081718
1101,0.10533477309331829
1102,0.1053347730439782
1103,0.10533477309331829
1104,0.10533477309377304
1105,0.10533477309104455
1106,0.10533477309445516
1107,0.10533477309468253
1108,0.1053347730776295
1109,0.10533477309559203
1110,0.10533477309377304
1111,0.10533477309127193
1112,0.10533477309513728
1113,0.10533477309309092
1114,0.10533477309536465
1115,0.10533477309354566
1116,0.1053347730914993
1117,0.10533477309286354
1118,0.10533477309377304
1119,0.10533477307967587
1120,0.10533477309513728
1121,0.10533477309377304
1122,0.1053347730924088
1123,0.10533477309331829
1124,0.10533477309559203
1125,0.1053347730405676
1126,0.10533477309536465
1127,0.10533477309036243
1128,0.10533477309331829
1129,0.10533477309513728
1130,0.10533477307967587
1131,0.10533477309354566
1132,0.10533477309445516
1133,0.10330965884190846
1134,0.10226558904992089
1135,0.10226558904741978
1136,0.10226558904628291
1137,0.10226558904878402
1138,0.10226558904696503
1139,0.10226558904150806
1140,0.10226558904878402
1141,0.102265589031731
1142,0.10226558904878402
1143,0.10226558904537342
1144,0.10226558904537342
1145,0.10226558904673766
1146,0.10226558904832928
1147,0.10226558899398697
1148,0.10226558905037564
1149,0.10226558904582816
1150,0.1022655890428723
1151,0.1022655890471924
1152,0.10226558903491423
1153,0.10226558904514604
1154,0.10226558904628291
1155,0.10226558904241756
1156,0.10226558904832928
1157,0.10226558904741978
1158,0.10226558904946614
1159,0.10226558904605554
1160,0.10226558904582816
1161,0.1022655890437818
1162,0.10226558904787453
1163,0.10226558904696503
1164,0.10226558903218574
1165,0.10226558904651029
1166,0.10226558904491867
1167,0.10226558904696503
1168,0.10226558904969352
1169,0.10226558899466909
1170,0.10226558904741978
1171,0.1022655890490114
1172,0.10226558904173544
1173,0.10226558904764715
1174,0.10226558904855665
1175,0.102265589031731
1176,0.10226558904605554
1177,0.10226558904651029
1178,0.1022655890446913
1179,0.10226558904764715
1180,0.10226558904741978
1181,0.10226558904605554
1182,0.10226558904514604
1183,0.10226558904696503
1184,0.10226558904628291
1185,0.1022655890471924
1186,0.10226558903241312
1187,0.10226558904673766
1188,0.10226558904651029
1189,0.10226558904514604
1190,0.10226558904787453
1191,0.1022655889962607
1192,0.10226558904832928
1193,0.10226558904696503
1194,0.10226558904150806
1195,0.10226558904878402
1196,0.10226558904855665
1197,0.10226558903036675
1198,0.10226558904605554
1199,0.10226558904741978
1200,0.10226558904355443
1201,0.10226558904878402
1202,0.1022655890471924
1203,0.10226558904741978
1204,0.10226558904628291
1205,0.10226558904446392
1206,0.10226558904628291
1207,0.1022655890481019
1208,0.102265589031731
1209,0.10226558904651029
1210,0.10226558904832928
1211,0.10226558904491867
1212,0.10226558904582816
1213,0.10226558904969352
1214,0.10226558899353222
1215,0.10226558904878402
1216,0.10226558904651029
1217,0.10226558904355443
1218,0.10226558904787453
1219,0.10226558903241312
1220,0.10226558904673766
1221,0.10226558904582816
1222,0.10226558904491867
1223,0.1022655890471924
1224,0.10226558904764715
1225,0.10226558904651029
1226,0.1022655890481019
1227,0.1022655890481019
1228,0.10226558904219019
1229,0.10226558904741978
1230,0.10226558903309524
1231,0.10226558904491867
1232,0.10226558904855665
1233,0.10226558904332705
1234,0.10226558904946614
1235,0.10226558904741978
1236,0.10226558899489646
1237,0.10226558904741978
1238,0.10226558904832928
1239,0.1022655890428723
1240,0.10226558904673766
1241,0.10226558904832928
1242,0.10226862503304801
1243,0.1022686250435072
1244,0.10226862504464407
1245,0.10226862504737255
1246,0.1022686250469178
1247,0.10226862504896417
1248,0.10226862504805467
1249,0.10226862504487144
1250,0.10226862504669043
1251,0.10226862504396195
1252,0.10226862504896417
1253,0.10226862503168377
1254,0.10226862504714518
1255,0.10226862504418932
1256,0.10226862504714518
1257,0.10226862504737255
1258,0.10226862499644085
1259,0.10226862504850942
1260,0.10226862504578094
1261,0.10226862504509882
1262,0.10226862504737255
1263,0.1022686250469178
1264,0.10226862503191114
1265,0.10226862504669043
1266,0.10226862504714518
1267,0.10226862504305245
1268,0.10226862504737255
1269,0.1022686250469178
1270,0.10226862504896417
1271,0.10226862504714518
1272,0.10226862504373457
1273,0.10226862504578094
1274,0.1022686250478273
1275,0.10226862503168377
1276,0.10226862504646306
1277,0.10226862505010104
1278,0.10226862504282508
1279,0.10226862504941892
1280,0.1022686250046263
1281,0.10226862503668599
1282,0.1022686250487368
1283,0.10226862504327983
1284,0.10226862504646306
1285,0.10226862504828205
1286,0.10226862503168377
1287,0.10226862504578094
1288,0.10226862504646306
1289,0.10226862504373457
1290,0.10226862504737255
1291,0.10226862504896417
1292,0.10226862504759993
1293,0.10226862504646306
1294,0.1022686250444167
1295,0.10226862504555356
1296,0.10226862504714518
1297,0.10226862503191114
1298,0.10226862504941892
1299,0.10226862504669043
1300,0.10226862504373457
1301,0.10226862504987366
1302,0.10226862504555356
1303,0.10226862499575873
1304,0.10226862504737255
1305,0.10226862504714518
1306,0.1022686250444167
1307,0.10226862504646306
1308,0.10226862503122902
1309,0.10226862504669043
1310,0.10226862504805467
1311,0.10226862504100609
1312,0.10226862504737255
1313,0.10226862505010104
1314,0.1022686250487368
1315,0.10226862504578094
1316,0.10226862504759993
1317,0.10226862504282508
1318,0.10226862504555356
1319,0.10226862503259326
1320,0.10226862504805467
1321,0.1022686250487368
1322,0.10226862504373457
1323,0.1022686250469178
1324,0.10226862504759993
1325,0.10226862499644085
1326,0.10226862504623568
1327,0.10226862504805467
1328,0.10226862504305245
1329,0.10226862505032841
1330,0.10226862504509882
1331,0.10226862503100165
1332,0.10226862504759993
1333,0.10226862504100609
1334,0.10226862505010104
1335,0.10226862504828205
1336,0.10226862504646306
1337,0.1022686250478273
1338,0.10226862504623568
1339,0.10226862504487144
1340,0.10226862504623568
1341,0.10226862504737255
1342,0.10226862503077427
1343,0.10226862504919154
1344,0.10226862504418932
1345,0.10226862504646306
1346,0.10226862504896417
1347,0.10226862499416711
1348,0.10226862504828205
1349,0.10226862504759993
1350,0.10226862504373457
1351,0.10226862504600831
1352,0.10226862504828205
1353,0.10226862503191114
1354,0.10226862504646306
1355,0.1022686250478273
1356,0.10226862504487144
1357,0.10226862504669043
1358,0.10226862504828205
1359,0.10226862504623568
1360,0.10226862504646306
1361,0.10226862504487144
1362,0.10226862504669043
1363,0.10226862504646306
1364,0.10226862503236589
1365,0.10226862504600831
1366,0.10226862504964629
1367,0.10226862504396195
1368,0.10226862504555356
1369,0.10226862504964629
1370,0.10226862499553135
1371,0.1022686250478273
1372,0.10226862504373457
1373,0.10226862504714518
1374,0.10226862504532619
1375,0.10226862503259326
1376,0.10226862504669043
1377,0.10226862504828205
1378,0.10226862504396195
1379,0.10226862504600831
1380,0.10226862504896417
1381,0.1022686250469178
1382,0.10226862504623568
1383,0.1022686250425977
1384,0.10226862504805467
1385,0.10226862504714518
1386,0.10226862503077427
1387,0.10226862504896417
1388,0.10226862504714518
1389,0.10226862504418932
1390,0.1022686250469178
1391,0.10226862504987366
1392,0.10226862499212075
1393,0.10226862505078316
1394,0.10226862504737255
1395,0.10226862504237033
1396,0.10226862504714518
1397,0.10226862503168377
1398,0.10226862504737255
1399,0.10226862504623568
1400,0.1022686250444167
1401,0.10226862504828205
1402,0.1011423527882016
1403,0.10181277070068973
1404,0.10181277069887074
1405,0.10181277069932548
1406,0.10181277069432326
1407,0.10181277069909811
1408,0.101812770696597
1409,0.10181277068772943
1410,0.10181277069955286
1411,0.10181277069546013
1412,0.10181277069887074
1413,0.10181277070137185
1414,0.10181277064680216
1415,0.10181277070137185
1416,0.101812770696597
1417,0.101812770696597
1418,0.10181277069818861
1419,0.1018127707000076
1420,0.10181277068249983
1421,0.10181277070114447
1422,0.10181277069250427
1423,0.1018127707018266
1424,0.10181277070046235
1425,0.10181277069818861
1426,0.10181277070068973
1427,0.10181277069773387
1428,0.10181277069705175
1429,0.10181277069705175
1430,0.10181277070023498
1431,0.10181277068477357
1432,0.10181277069773387
1433,0.10181277070159922
1434,0.10181277069432326
1435,0.10181277069909811
1436,0.1018127706490759
1437,0.1018127707000076
1438,0.10181277069932548
1439,0.10181277069523276
1440,0.10181277069909811
1441,0.10181277069796124
1442,0.10181277068545569
1443,0.1018127706975065
1444,0.10181277069887074
1445,0.10181277069773387
1446,0.10181277069841599
1447,0.1018127707000076
1448,0.10181277069932548
1449,0.10181277069864336
1450,0.10181277069455064
1451,0.10181277069887074
1452,0.10181277070205397
1453,0.10181277068249983
1454,0.10181277069841599
1455,0.10181277070137185
1456,0.10181277069455064
1457,0.10181277070137185
1458,0.10181277069818861
1459,0.10181277064748429
1460,0.10181277070068973
1461,0.10181277069477801
1462,0.10181277070023498
1463,0.10181277069864336
1464,0.1018127706845462
1465,0.10181277069864336
1466,0.10181277069955286
1467,0.10181277069364114
1468,0.10181277069887074
1469,0.10181277070205397
1470,0.10181277069841599
1471,0.10181277069909811
1472,0.10181277069932548
1473,0.10181277069546013
1474,0.10181277069909811
1475,0.10181277068386407
1476,0.10181277069932548
1477,0.10181277070046235
1478,0.10181277069523276
1479,0.10181277069978023
1480,0.10181277069841599
1481,0.1018127706481664
1482,0.10181277070228134
1483,0.10181277069841599
1484,0.10181277069546013
1485,0.101812770696597
1486,0.10181277068545569
1487,0.10181277069955286
1488,0.10181277069773387
1489,0.101812770696597
1490,0.10181277069978023
1491,0.10181277069978023
1492,0.10181277070023498
1493,0.10181277069614225
1494,0.10181277070068973
1495,0.10181277069432326
1496,0.10181277069978023
1497,0.1018127707000076
1498,0.10181277068340933
1499,0.10181277069887074
1500,0.101812770696597
1501,0.10181277069887074
1502,0.1018127707000076
1503,0.10181277064839378
1504,0.10181277070068973
1505,0.10181277069841599
1506,0.10181277069591488
1507,0.10181277069727912
1508,0.10181277070319084
1509,0.10181277068045347
1510,0.10181277069887074
1511,0.10181277069591488
1512,0.10181277069955286
1513,0.10181277069978023
1514,0.10181277069955286
1515,0.10181277069932548
1516,0.10181277069773387
1517,0.10181277069773387
1518,0.10181277069864336
1519,0.1018127706975065
1520,0.10181277068545569
1521,0.10181277070023498
1522,0.10181277069909811
1523,0.1018127706956875
1524,0.10181277069864336
1525,0.10181277064839378
1526,0.10181277070228134
1527,0.10181277069773387
1528,0.1018127706956875
1529,0.10181277069932548
1530,0.10181277069705175
1531,0.10181277068568306
1532,0.10181277069773387
1533,0.10181277069932548
1534,0.10181277069591488
1535,0.10181277069955286
1536,0.10181277070046235
1537,0.10181277069818861
1538,0.10181277069932548
1539,0.10181277069614225
1540,0.10181277069818861
1541,0.10181277069909811
1542,0.10181277068477357
1543,0.10181277069818861
1544,0.10181277069841599
1545,0.1018127706975065
1546,0.10181277069796124
1547,0.10181277070228134
1548,0.10181277064839378
1549,0.10181277069864336
1550,0.10181277069614225
1551,0.10181277069705175
1552,0.10181277069978023
1553,0.10181277068568306
1554,0.10181277069773387
1555,0.10181277069932548
1556,0.10181277069705175
1557,0.10181277069841599
1558,0.1018127707000076
1559,0.10181277069818861
1560,0.10181277069932548
1561,0.10181277069955286
1562,0.10181277069409589
1563,0.10181277070046235
1564,0.10181277068136296
1565,0.10181277070319084
1566,0.10181277069818861
1567,0.10181277069546013
1568,0.1018127707000076
1569,0.10181277069955286
1570,0.1018127706481664
1571,0.10181277070046235
1572,0.10181277069955286
1573,0.10181277069500538
1574,0.10181277069864336
1575,0.10181277068386407
1576,0.10181277069818861
1577,0.10181277070137185
1578,0.10181277069273165
1579,0.1018127707009171
1580,0.10181277069818861
1581,0.10181277070068973
1582,0.10181277069841599
1583,0.10181277069932548
1584,0.10181277069682437
1585,0.10181277069796124
1586,0.1018127707000076
1587,0.10181277068409145
1588,0.10181277069864336
1589,0.1018127706956875
1590,0.10181277069955286
1591,0.1018127707009171
1592,0.10181277064839378
1593,0.10181277069909811
1594,0.10181277069978023
1595,0.10181277069477801
1596,0.10181277069932548
1597,0.10181277069955286
1598,0.1018127706827272
1599,0.10181277069955286
1600,0.101812770696597
1601,0.10181277069818861
1602,0.10181277070046235
1603,0.10181277069978023
1604,0.10181277069887074
1605,0.10181277069909811
1606,0.10181277069455064
1607,0.10181277069887074
1608,0.10181277069955286
1609,0.1018127706845462
1610,0.10181277069796124
1611,0.1018127707018266
1612,0.1018127706956875
1613,0.10181277069841599
1614,0.10181277064930327
1615,0.10181277069932548
1616,0.10181277069955286
1617,0.10181277069636963
1618,0.10181277069932548
1619,0.10181277069727912
1620,0.10181277068318195
1621,0.1018127707000076
1622,0.10181277070023498
1623,0.10181277069477801
1624,0.10181277069887074
1625,0.10181277069978023
1626,0.10181277069932548
1627,0.10181277069773387
1628,0.10181277069796124
1629,0.10181277069841599
1630,0.10181277069773387
1631,0.10181277068613781
1632,0.10181277069887074
1633,0.10181277069841599
1634,0.10181277069727912
1635,0.10181277069864336
1636,0.10181277070046235
1637,0.10181277064862115
1638,0.10181277069909811
1639,0.10181277069477801
1640,0.10181277070023498
1641,0.10181277069796124
1642,0.10181277068522832
1643,0.10181277069864336
1644,0.10181277069841599
1645,0.10181277069591488
1646,0.10181277069773387
1647,0.1018127707009171
1648,0.10181277069841599
1649,0.10181277070137185
1650,0.10181277069955286
1651,0.10181277069273165
1652,0.10181277070159922
1653,0.1018127706827272
1654,0.10181277070114447
1655,0.10181277069682437
1656,0.10181277069705175
1657,0.10181277069818861
1658,0.10181277070046235
1659,0.10181277064839378
1660,0.1018127707009171
1661,0.10181277069841599
1662,0.10181277069546013
1663,0.10181277069909811
1664,0.10181277068613781
1665,0.10181277069682437
1666,0.10181277069864336
1667,0.10181277069455064
1668,0.10181277069909811
1669,0.10181277070068973
1670,0.1018127707009171
1671,0.10181277069773387
1672,0.10181277069841599
1673,0.10181277069614225
1674,0.10181277070023498
1675,0.10181277069864336
1676,0.10181277068386407
1677,0.10181277069932548
1678,0.10181277069591488
1679,0.10181277069955286
1680,0.10181277070137185
1681,0.10181277064680216
1682,0.10181277070023498
1683,0.10181277069932548
1684,0.10181277069546013
1685,0.10181277069864336
1686,0.10181277070114447
1687,0.10181277068227246
1688,0.10181277069773387
1689,0.10181277070023498
1690,0.10181277069455064
1691,0.10181277070023498
1692,0.10181277069955286
1693,0.10181277069978023
1694,0.10181277069727912
1695,0.1018127706956875
1696,0.10181277069909811
1697,0.1018127707000076
1698,0.10181277068522832
1699,0.10181277069727912
1700,0.10181277070046235
1701,0.10181277069500538
1702,0.10181277069978023
1703,0.1018127706490759
1704,0.10181277070159922
1705,0.10181277069773387
1706,0.1018127706956875
1707,0.10181277069955286
1708,0.10181277069955286
1709,0.10181277068295458
1710,0.10181277069727912
1711,0.1018127707000076
1712,0.10181277069546013
1713,0.10181277070114447
1714,0.10181277069909811
1715,0.10181277069818861
1716,0.10180638069959969
1717,0.10180638069505221
1718,0.10180638069891756
1719,0.10180638069959969
1720,0.10180638068436565
1721,0.10180638070096393
1722,0.1018063806977807
1723,0.10180638069664383
1724,0.10180638069846282
1725,0.10180638070255554
1726,0.10180638064616687
1727,0.10180638070050918
1728,0.10180638069846282
1729,0.10180638069573433
1730,0.10180638069937231
1731,0.1018063806839109
1732,0.1018063806968712
1733,0.10180638070141868
1734,0.10180638069482484
1735,0.10180638069914494
1736,0.10180638069982706
1737,0.10180638069869019
1738,0.1018063807002818
1739,0.10180638070005443
1740,0.10180638069368797
1741,0.10180638069982706
1742,0.10180638068436565
1743,0.1018063806977807
1744,0.10180638069982706
1745,0.1018063806968712
1746,0.10180638069914494
1747,0.10180638069937231
1748,0.1018063806502596
1749,0.10180638069869019
1750,0.10180638069891756
1751,0.10180638069573433
1752,0.10180638069937231
1753,0.09955050949861288
1754,0.09976250948079723
1755,0.09976250949398491
1756,0.09976250949353016
1757,0.0997625094958039
1758,0.0997625094958039
1759,0.09976250949762289
1760,0.09976250949807763
1761,0.0997625094948944
1762,0.09976250949193854
1763,0.09976250949534915
1764,0.09976250949785026
1765,0.09976250947988774
1766,0.0997625094948944
1767,0.09976250949603127
1768,0.09976250949694077
1769,0.0997625094948944
1770,0.0997625094473733
1771,0.09976250949421228
1772,0.09976250949807763
1773,0.09976250949284804
1774,0.09976250949375753
1775,0.09976250949785026
1776,0.09976250948147936
1777,0.09976250949466703
1778,0.09976250949557652
1779,0.09976250949375753
1780,0.09976250949603127
1781,0.09976250949648602
1782,0.09976250949762289
1783,0.0997625094948944
1784,0.09976250949398491
1785,0.09976250949466703
1786,0.09976250949512178
1787,0.09976250948125198
1788,0.09976250949625864
1789,0.09976250949807763
1790,0.09976250949284804
1791,0.09976250949625864
1792,0.09976250948352572
1793,0.09976250945737775
1794,0.09976250949853238
1795,0.09976250949171117
1796,0.09976250949648602
1797,0.09976250949625864
1798,0.09976250948056986
1799,0.09976250949557652
1800,0.09976250949421228
1801,0.09976250949330279
1802,0.09976250949807763
1803,0.09976250949785026
1804,0.0997625094958039
1805,0.09976250949466703
1806,0.09976250949262067
1807,0.09976250949557652
1808,0.09976250949512178
1809,0.0997625094819341
1810,0.09976250949762289
1811,0.09976250949648602
1812,0.0997625094948944
1813,0.09976250949443966
1814,0.09976250949785026
1815,0.09976250944555431
1816,0.09976250949625864
1817,0.0997625094958039
1818,0.09976250949216592
1819,0.0997625094958039
1820,0.09976250948102461
1821,0.0997625094958039
1822,0.09976250949421228
1823,0.09879454035399249
1824,0.09770920791561366
1825,0.09770920791856952
1826,0.09770920791766002
1827,0.09770920791515891
1828,0.09770920791561366
1829,0.0977092079126578
1830,0.09770920791424942
1831,0.09770920790174387
1832,0.0977092079178874
1833,0.09770920791606841
1834,0.09770920791311255
1835,0.09770920791675053
1836,0.09770920791675053
1837,0.09770920786581883
1838,0.09770920791515891
1839,0.09770920791811477
1840,0.09770920791129356
1841,0.0977092079169779
1842,0.09770920791447679
1843,0.09770920790083437
1844,0.09770920791629578
1845,0.09770920791129356
1846,0.09770920791879689
1847,0.09770920791652316
1848,0.09770920791561366
1849,0.09770920791675053
1850,0.09770920791424942
1851,0.09770920791493154
1852,0.09770920791447679
1853,0.0977092079169779
1854,0.09770920790106175
1855,0.09770920791629578
1856,0.09770920791424942
1857,0.09770920791538629
1858,0.0977092079178874
1859,0.09770920786581883
1860,0.09770920791652316
1861,0.09770920791561366
1862,0.09770920791288518
1863,0.09770920791561366
1864,0.09770920791515891
1865,0.09770920790151649
1866,0.09770920791493154
1867,0.0977092079169779
1868,0.0977092079135673
1869,0.09770920791493154
1870,0.09770920791856952
1871,0.09770920791493154
1872,0.09770920791538629
1873,0.09770920791379467
1874,0.09770920791606841
1875,0.09770920791447679
1876,0.09770920790174387
1877,0.09770920791675053
1878,0.09770920791743265
1879,0.09770920791288518
1880,0.09770920791538629
1881,0.0977092079169779
1882,0.0977092078651367
1883,0.09770920791720528
1884,0.09770920791379467
1885,0.09770920791493154
1886,0.09770920791584103
1887,0.09770920790106175
1888,0.09770920791584103
1889,0.09770920791652316
1890,0.09770920791402204
1891,0.09770920791470417
1892,0.09770920791652316
1893,0.09770920791561366
1894,0.09770920791584103
1895,0.09770920791379467
1896,0.09770920791493154
1897,0.09770920791561366
1898,0.09770920790219861
1899,0.09770920791606841
1900,0.09770920791652316
1901,0.09770920791379467
1902,0.09770920791538629
1903,0.09770920791879689
1904,0.09770920786377246
1905,0.09770920791811477
1906,0.09770920791538629
1907,0.0977092079135673
1908,0.09770920791447679
1909,0.09770920790037962
1910,0.09770920791652316
1911,0.09770920791561366
1912,0.09770920791243043
1913,0.09770920791720528
1914,0.09770920791606841
1915,0.09770920791743265
1916,0.09770920791561366
1917,0.09770920791515891
1918,0.09770920791129356
1919,0.09770920791743265
1920,0.0977092079135673
1921,0.09770920790560922
1922,0.09770920791538629
1923,0.09770920791311255
1924,0.09770920791538629
1925,0.09770920791902427
1926,0.09770920786399984
1927,0.09770146791652223
1928,0.09770146791697698
1929,0.09770146791356638
1930,0.09770146791379375
1931,0.09770146791697698
1932,0.09770146790015133
1933,0.09770146791697698
1934,0.09770146791015577
1935,0.09770146791788648
1936,0.09770146791720435
1937,0.09770146791674961
1938,0.09770146791584011
1939,0.09770146791674961
1940,0.09770146791220213
1941,0.09770146791606749
1942,0.09770146791652223
1943,0.09770146790106082
1944,0.09770146791584011
1945,0.09770146791834122
1946,0.09770146791197476
1947,0.09770146791538536
1948,0.09770146786763689
1949,0.09770146791629486
1950,0.09770146791515799
1951,0.09770146791288425
1952,0.09770146791652223
1953,0.09770146791561274
1954,0.09770146790060608
1955,0.09770146791561274
1956,0.09770146791584011
1957,0.09770146791265688
1958,0.09770146791584011
1959,0.09770146791743173
1960,0.09770146791561274
1961,0.09770146791606749
1962,0.09770146791242951
1963,0.09770146791629486
1964,0.09770146791834122
1965,0.09770146790015133
1966,0.09770146791652223
1967,0.09770146791652223
1968,0.09770146791265688
1969,0.09770146791697698
1970,0.09770146791674961
1971,0.09770146786604528
1972,0.09770146791606749
1973,0.09770146791220213
1974,0.09770146791561274
1975,0.09770146791584011
1976,0.0977014679012882
1977,0.09770146791561274
1978,0.09770146791606749
1979,0.09770146791220213
1980,0.09770146791674961
1981,0.09770146791697698
1982,0.09770146791652223
1983,0.09770146791515799
1984,0.09770146791697698
1985,0.09770146791242951
1986,0.09770146791788648
1987,0.09770146789946921
1988,0.09770146791788648
1989,0.09770146791584011
1990,0.09770146791288425
1991,0.09770146791629486
1992,0.09770146791629486
1993,0.09770146786490841
1994,0.09770146791743173
1995,0.09770146791720435
1996,0.09770146791129264
1997,0.09770146791538536
1998,0.09770146790151557
1999,0.09770146791606749
2000,0.09770146791515799
2001,0.09770146791220213
2002,0.09770146791697698
2003,0.09770146791697698
2004,0.0977014679176591
2005,0.09770146791447587
2006,0.09770146791674961
2007,0.09770146791197476
2008,0.09770146791674961
2009,0.09770146791652223
2010,0.09770146790083345
2011,0.09770146791652223
2012,0.09770146791288425
2013,0.09770146791561274
2014,0.09770146791697698
2015,0.09770146786695477
2016,0.09770146791606749
2017,0.09770146791629486
2018,0.09770146791265688
2019,0.09770146791379375
2020,0.09770146791993284
2021,0.09770146789855971
2022,0.09770146791447587
2023,0.09770146791402112
2024,0.09770146791674961
2025,0.09770146791584011
2026,0.09770146791720435
2027,0.09770146791697698
2028,0.09770146791470324
2029,0.09770146791447587
2030,0.09770146791493062
2031,0.09770146791606749
2032,0.09770146790219769
2033,0.09770146791561274
2034,0.09770146791674961
2035,0.09770146791242951
2036,0.09770146791652223
2037,0.09770146786740952
2038,0.09770146791652223
2039,0.09770146791561274
2040,0.09770146791174739
2041,0.09770146791697698
2042,0.09770146791493062
2043,0.09770146790265244
2044,0.09770146791356638
2045,0.09770146791720435
2046,0.097701467913339
2047,0.09770146791720435
2048,0.09770146791470324
2049,0.09770146791629486
2050,0.09770146791652223
2051,0.09770146791174739
2052,0.09770146791652223
2053,0.09770146791538536
2054,0.09770146790310719
2055,0.09770146791470324
2056,0.09770146791720435
2057,0.09770146791265688
2058,0.09770146791674961
2059,0.09770146791720435
2060,0.09770146786650002
2061,0.09770146791720435
2062,0.09770146791174739
2063,0.09770146791561274
2064,0.09770146791538536
2065,0.0977014679003787
2066,0.09770146791584011
2067,0.09770146791629486
2068,0.09770146791379375
2069,0.09770146791515799
2070,0.09770146791811385
2071,0.09770146791652223
2072,0.09770146791584011
2073,0.09770146791538536
2074,0.09770146791152001
2075,0.09770146791697698
2076,0.09770146789946921
2077,0.09770146791925072
2078,0.09770146791470324
2079,0.0977014679142485
2080,0.09770146791561274
2081,0.09770146791834122
2082,0.09770146786604528
2083,0.09770146791515799
2084,0.09770146791674961
2085,0.09770146791152001
2086,0.09770146791606749
2087,0.09770146790015133
2088,0.09770146791629486
2089,0.09770146791674961
2090,0.09770146791197476
2091,0.09770146791834122
2092,0.09770146791379375
2093,0.0977014679176591
2094,0.09770146791629486
2095,0.09770146791561274
2096,0.09770146791265688
2097,0.09770146791629486
2098,0.09770146791652223
2099,0.09770146790151557
2100,0.09770146791584011
2101,0.09770146791220213
2102,0.0977014679176591
2103,0.09770146791743173
2104,0.09770146786627265
2105,0.09770146791538536
2106,0.09770146791720435
2107,0.09770146791106527
2108,0.09770146791584011
2109,0.09770146791834122
2110,0.0977014678969681
2111,0.09770146791743173
2112,0.09770146791402112
2113,0.09770146791629486
2114,0.09770146791652223
2115,0.09770146791697698
2116,0.09770146791515799
2117,0.09770146791629486
2118,0.09770146791379375
2119,0.097701467913339
2120,0.09770146791697698
2121,0.09770146790242507
2122,0.09770146791561274
2123,0.09770146791788648
2124,0.09770146791288425
2125,0.09770146791493062
2126,0.09770146786831901
2127,0.09770146791652223
2128,0.09770146791493062
2129,0.09770146791265688
2130,0.09770146791561274
2131,0.09770146791629486
2132,0.09770146789992395
2133,0.09770146791674961
2134,0.09770146791606749
2135,0.09770146791447587
2136,0.09770146791606749
2137,0.09770146791561274
2138,0.09770146791743173
2139,0.09770146791470324
2140,0.09770146791288425
2141,0.09770146791493062
2142,0.09770146791697698
2143,0.0977014679003787
2144,0.09770146791629486
2145,0.09770146791720435
2146,0.09770146791447587
2147,0.09770146791470324
2148,0.09770146791834122
2149,0.0977014678658179
2150,0.09770146791584011
2151,0.09770146791288425
2152,0.09770146791561274
2153,0.09770146791606749
2154,0.09770146790106082
2155,0.09770146791447587
2156,0.09770146791697698
2157,0.09770146791242951
2158,0.09770146791697698
2159,0.09770146791561274
2160,0.0977014679176591
2161,0.09770146791606749
2162,0.09770146791629486
2163,0.09770146791106527
2164,0.09770146791811385
2165,0.09770146790083345
2166,0.0977014679176591
2167,0.097701467913339
2168,0.09770146791470324
2169,0.09770146791652223
2170,0.09770146791674961
2171,0.09770146786513578
2172,0.09770146791925072
2173,0.09770146791470324
2174,0.09770146791220213
2175,0.09770146791515799
2176,0.09770146790515355
2177,0.09770146791197476
2178,0.09770146791629486
2179,0.09770146791106527
2180,0.09770467591715715
2181,0.09609155958810334
2182,0.09597686356278246
2183,0.0959768635598266
2184,0.09597686356141821
2185,0.09597686355732549
2186,0.09597686356096347
2187,0.09597686356210033
2188,0.09597686354550206
2189,0.09597686355937185
2190,0.09597686356028134
2191,0.09597686356050872
2192,0.09597686356391932
2193,0.09597686351071388
2194,0.09597686356255508
2195,0.09597686356028134
2196,0.09597686355778023
2197,0.09597686356028134
2198,0.09597686356096347
2199,0.09597686354709367
2200,0.09597686355914448
2201,0.09597686356073609
2202,0.09597686355937185
2203,0.09597686356096347
2204,0.09597686356187296
2205,0.09597686355937185
2206,0.09597686355959922
2207,0.09597686355959922
2208,0.09597686356073609
2209,0.09597686356164559
2210,0.09597686354754842
2211,0.09597686356028134
2212,0.09597686356119084
2213,0.09597686355914448
2214,0.09597686356096347
2215,0.09597686351253287
2216,0.09597686356187296
2217,0.09597686356096347
2218,0.09597686355664337
2219,0.09597686356141821
2220,0.09597686356232771
2221,0.09597686354550206
2222,0.0959768635589171
2223,0.09597686356005397
2224,0.09597686355914448
2225,0.09597686356164559
2226,0.09597686356096347
2227,0.09597686356210033
2228,0.09597686356005397
2229,0.09597686355823498
2230,0.09597686356050872
2231,0.09597686356187296
2232,0.0959768635459568
2233,0.09597686356096347
2234,0.09597686356164559
2235,0.09597686355846236
2236,0.09597686356028134
2237,0.09597686356346458
2238,0.09597686351094126
2239,0.09597686356232771
2240,0.09597686356073609
2241,0.09597686355732549
2242,0.09597686356141821
2243,0.09597686354572943
2244,0.09597686356028134
2245,0.09597686356005397
2246,0.09597686355846236
2247,0.09597686356141821
2248,0.09597686356164559
2249,0.09597686356096347
2250,0.09597686356119084
2251,0.09597686356278246
2252,0.0959768635555065
2253,0.09597686356164559
2254,0.0959768635468663
2255,0.09597686356096347
2256,0.09597686356119084
2257,0.09597686355755286
2258,0.09597686356300983
2259,0.09597686356141821
2260,0.09597686351207813
2261,0.09597686356096347
2262,0.09597686356119084
2263,0.09597686355732549
2264,0.09597686356119084
2265,0.09597686356210033
2266,0.09597686354572943
2267,0.09597686355800761
2268,0.09597686355868973
2269,0.09597686356096347
2270,0.09597686356050872
2271,0.09597686356278246
2272,0.09597686356187296
2273,0.09597686356073609
2274,0.09597686355846236
2275,0.09597686355846236
2276,0.09597686356346458
2277,0.09597686354504731
2278,0.09597686356164559
2279,0.09597686355914448
2280,0.09597686356050872
2281,0.09597686356096347
2282,0.095976863513215
2283,0.09597686356187296
2284,0.09597686356028134
2285,0.09597686355914448
2286,0.09597686356028134
2287,0.09597686356232771
2288,0.09597686354504731
2289,0.09597686355914448
2290,0.09597686356164559
2291,0.09597686355823498
2292,0.09597686356050872
2293,0.09597686356187296
2294,0.09597686356164559
2295,0.09597686356073609
2296,0.09597686355937185
2297,0.0959768635589171
2298,0.09597686356050872
2299,0.09597686354754842
2300,0.09597686356028134
2301,0.09597686356346458
2302,0.09597686355755286
2303,0.09597686356255508
2304,0.0959768635209457
2305,0.0959768635511864
2306,0.09597686356164559
2307,0.09597686355800761
2308,0.09597686356119084
2309,0.09597686356073609
2310,0.09597686354618418
2311,0.09597686355868973
2312,0.09597686356028134
2313,0.09597686355868973
2314,0.09597686356050872
2315,0.09597686356300983
2316,0.09597686356141821
2317,0.09597686356028134
2318,0.09597686355846236
2319,0.09597686356005397
2320,0.09597686356096347
2321,0.09597686354709367
2322,0.09597686356232771
2323,0.09597686356073609
2324,0.09597686355914448
2325,0.09597686356141821
2326,0.09597686356073609
2327,0.095976863513215
2328,0.09597686355914448
2329,0.09597686356255508
2330,0.09597686355755286
2331,0.09542192456069643
2332,0.09534152273363361
2333,0.09534152275068664
2334,0.09534152274909502
2335,0.09534152274545704
2336,0.09534152275045926
2337,0.0953415227518235
2338,0.09534152275250563
2339,0.0953415227484129
2340,0.09534152275023189
2341,0.09534152274591179
2342,0.09534152274954977
2343,0.09534152273590735
2344,0.09534152275000451
2345,0.09534152275068664
2346,0.0953415227475034
2347,0.09534152275068664
2348,0.09534152275023189
2349,0.09534152270271079
2350,0.09534152274886765
2351,0.09534152275091401
2352,0.09534152274591179
2353,0.0953415227518235
2354,0.0953415227484129
2355,0.09534152273317886
2356,0.09534152275045926
2357,0.09534152274454755
2358,0.09534152275296037
2359,0.09534152275114138
2360,0.09534152274977714
2361,0.09534152275114138
2362,0.09534152274886765
2363,0.09534152274727603
2364,0.0953415227493224
2365,0.09534152275068664
2366,0.09534152273363361
2367,0.0953415227518235
2368,0.09534152274818553
2369,0.0953415227493224
2370,0.09534152275159613
2371,0.09534152270043705
2372,0.09534152275045926
2373,0.09534152275023189
2374,0.09534152274591179
2375,0.09534152274954977
2376,0.0953415227518235
2377,0.09534152273431573
2378,0.0953415227493224
2379,0.09534152275023189
2380,0.09534152274682128
2381,0.09534152274977714
2382,0.09534152275205088
2383,0.09534152274864027
2384,0.09534152274977714
2385,0.09534152274795815
2386,0.0953415227493224
2387,0.09534152275023189
2388,0.0953415227345431
2389,0.09534152274977714
2390,0.09534152275136876
2391,0.0953415227475034
2392,0.09534152274773078
2393,0.0953415227536425
2394,0.0953415227008918
2395,0.09534152275091401
2396,0.09534152274659391
2397,0.09534152275023189
2398,0.09534152274886765
2399,0.09534152273499785
2400,0.09534152274909502
2401,0.09534152275045926
2402,0.09534152274659391
2403,0.0953415227493224
2404,0.09534152275159613
2405,0.09534152275091401
2406,0.09534152274886765
2407,0.09534152274659391
2408,0.09534152274954977
2409,0.09534152275068664
2410,0.09534152273431573
2411,0.09534152275227825
2412,0.09534152274977714
2413,0.09534152274818553
2414,0.0953415227484129
2415,0.09534152275341512
2416,0.09534152269816332
2417,0.09534152275227825
2418,0.09534152275000451
2419,0.09534152274659391
2420,0.09534152275023189
2421,0.09534152273340624
2422,0.09534152274977714
2423,0.0953415227493224
2424,0.09534152274704866
2425,0.09534152275159613
2426,0.09534152274954977
2427,0.0953415227518235
2428,0.09534152274954977
2429,0.09534152275023189
2430,0.09534152274568441
2431,0.09534152274954977
2432,0.09534152274909502
2433,0.09534152273681684
2434,0.09534152275000451
2435,0.09534152274773078
2436,0.0953415227484129
2437,0.09534152275296037
2438,0.0953415227018013
2439,0.09534152275114138
2440,0.09534152274864027
2441,0.09516316133681357
2442,0.09501583430369465
2443,0.09501583430210303
2444,0.095015834286869
2445,0.09501583430392202
2446,0.09501583429823768
2447,0.09501583430460414
2448,0.09501583430392202
2449,0.0950158343032399
2450,0.09501583430369465
2451,0.09501583430278515
2452,0.09501583430028404
2453,0.09501583430164828
2454,0.09501583430346727
2455,0.09501583428823324
2456,0.09501583430164828
2457,0.09501583430642313
2458,0.0950158342980103
2459,0.09501583430301253
2460,0.09501583425549143
2461,0.09501583430460414
2462,0.09501583430255778
2463,0.0950158342989198
2464,0.09501583430437677
2465,0.09501583430142091
2466,0.0950158342893701
2467,0.09501583430028404
2468,0.09501583430278515
2469,0.09501583430142091
2470,0.09501583430369465
2471,0.0950158343032399
2472,0.0950158343041494
2473,0.09501583430164828
2474,0.09501583429869243
2475,0.09501583430483151
2476,0.0950158343041494
2477,0.09501583428618687
2478,0.0950158343023304
2479,0.09501583430505889
2480,0.09501583429914717
2481,0.09501583430551364
2482,0.09501583430210303
2483,0.09501583425367244
2484,0.09501583430505889
2485,0.09501583429846505
2486,0.09501583430483151
2487,0.09501583430164828
2488,0.09501583428823324
2489,0.09501583430210303
2490,0.09501583430346727
2491,0.09501583429869243
2492,0.09501583430301253
2493,0.09501583430528626
2494,0.0950158343032399
2495,0.09501583430255778
2496,0.09501583430301253
2497,0.09501583429846505
2498,0.09501583430392202
2499,0.09501583428823324
2500,0.09501583430164828
2501,0.09501583430483151
2502,0.09501583430005667
2503,0.09501583430346727
2504,0.09501583430255778
2505,0.0950158342548093
2506,0.09501583430574101
2507,0.09501583430255778
2508,0.0950158342989198
2509,0.0950158343023304
2510,0.09501583428732374
2511,0.09501583430369465
2512,0.09501583430073879
2513,0.09501583430028404
2514,0.0950158343041494
2515,0.09501583430437677
2516,0.09501583430483151
2517,0.09501583430028404
2518,0.0950158343041494
2519,0.09501583429869243
2520,0.09501583430369465
2521,0.09501583430392202
2522,0.0950158342859595
2523,0.09501583430301253
2524,0.09501583430096616
2525,0.09501583430346727
2526,0.09501583430437677
2527,0.0950158342548093
2528,0.09501583430369465
2529,0.0950158343032399
2530,0.09501583429960192
2531,0.09501583430187566
2532,0.09501583430483151
2533,0.09501583428641425
2534,0.09501583430164828
2535,0.09501583429937455
2536,0.09501583430483151
2537,0.09501583430392202
2538,0.09501583430369465
2539,0.09501583430187566
2540,0.09501583430210303
2541,0.09501583430164828
2542,0.0950158343032399
2543,0.09501583430164828
2544,0.09501583428777849
2545,0.09501583430528626
2546,0.09501583430346727
2547,0.09501583429914717
2548,0.09501583430301253
2549,0.09501583425503668
2550,0.0950158343041494
2551,0.09501583430301253
2552,0.0950158342998293
2553,0.0950158343032399
2554,0.0950158343023304
2555,0.09501583428891536
2556,0.0950158342998293
2557,0.09501583430460414
2558,0.0950158342998293
2559,0.0950158343032399
2560,0.09501583430392202
2561,0.0950158343023304
2562,0.09501583430301253
2563,0.09501583430051141
2564,0.09501583430369465
2565,0.09501583430210303
2566,0.09501583428846061
2567,0.0950158343023304
2568,0.09501583430301253
2569,0.09501583430073879
2570,0.09501583430301253
2571,0.09501583430460414
2572,0.0950158342548093
2573,0.09501583430278515
2574,0.0950158342998293
2575,0.09501583430278515
2576,0.0950158343041494
2577,0.09501583428755112
2578,0.09501583430051141
2579,0.09501583430392202
2580,0.09501583430073879
2581,0.09501583430301253
2582,0.09501583430346727
2583,0.09501583430255778
2584,0.09501583430369465
2585,0.09501583430392202
2586,0.09501583429755556
2587,0.0950158343041494
2588,0.09501583428755112
2589,0.09501583430392202
2590,0.09501583430255778
2591,0.09501583430051141
2592,0.0950158343032399
2593,0.0950158343041494
2594,0.09501583425503668
2595,0.09501583430301253
2596,0.0950158343041494
2597,0.09501583430005667
2598,0.09501583430142091
2599,0.095015834286869
2600,0.0950158343032399
2601,0.0950158343032399
2602,0.09501583429869243
2603,0.09501583430528626
2604,0.09501583430096616
2605,0.09501583430528626
2606,0.09501583430255778
2607,0.09501583430278515
2608,0.09501583430096616
2609,0.0950158343023304
2610,0.09501583430301253
2611,0.09501583428800586
2612,0.09501583430301253
2613,0.0950158342998293
2614,0.0950158343032399
2615,0.09501583430505889
2616,0.0950158342548093
2617,0.09501583430255778
2618,0.09501583430369465
2619,0.0950158342989198
2620,0.0950158343041494
2621,0.09501583430255778
2622,0.09501583428732374
2623,0.09501583430255778
2624,0.09501583430005667
2625,0.09501583430210303
2626,0.09501583430369465
2627,0.09501583430437677
2628,0.09501583430255778
2629,0.09501583430278515
2630,0.09501583430028404
2631,0.09501583430255778
2632,0.09501583430301253
2633,0.09501583428868798
2634,0.09501583430187566
2635,0.09501583430505889
2636,0.09501583430005667
2637,0.09501583430301253
2638,0.09501583425458193
2639,0.09501583430346727
2640,0.09501583430437677
2641,0.09501583429960192
2642,0.09501583430392202
2643,0.09501583430142091
2644,0.09501583428664162
2645,0.0950158343023304
2646,0.09501583430483151
2647,0.09501583429960192
2648,0.09501583430164828
2649,0.09501583430528626
2650,0.09501583430255778
2651,0.09501583430255778
2652,0.09501583430051141
2653,0.09501583430301253
2654,0.09501583430255778
2655,0.09501583428846061
2656,0.09501583430255778
2657,0.09501583430346727
2658,0.09501583430096616
2659,0.09501583430210303
2660,0.09501583430551364
2661,0.09501583425389981
2662,0.0950158343032399
2663,0.09501583429937455
2664,0.09501583430483151
2665,0.09501583430187566
2666,0.09501583428823324
2667,0.09501583430142091
2668,0.09501583430369465
2669,0.09501583429846505
2670,0.09501583430278515
2671,0.09501583430505889
2672,0.09501583430255778
2673,0.09501583430437677
2674,0.0950158343032399
2675,0.09501583429710081
2676,0.09501583430596838
2677,0.095015834286869
2678,0.09501583430278515
2679,0.09501583430255778
2680,0.09501583430119354
2681,0.0950158343023304
2682,0.0950158343041494
2683,0.0950158342548093
2684,0.09501583430551364
2685,0.0950158343023304
2686,0.09501583429937455
2687,0.09501583430255778
2688,0.0950158342911891
2689,0.0950158342989198
2690,0.09501583430301253
2691,0.09501583429846505
2692,0.09501583430301253
2693,0.09501583430460414
2694,0.09501583430437677
2695,0.09501583430210303
2696,0.0950158343032399
2697,0.09501583429960192
2698,0.09501583430392202
2699,0.09501583430346727
2700,0.09501583428618687
2701,0.09501583430255778
2702,0.09501583430119354
2703,0.0950158343032399
2704,0.09501583430460414
2705,0.09501583425367244
2706,0.09501583430528626
2707,0.09501583430255778
2708,0.09501583430005667
2709,0.09501583430142091
2710,0.09501583430483151
2711,0.09501583428709637
2712,0.09501583430164828
2713,0.09501583430278515
2714,0.09501583429960192
2715,0.0950158343041494
2716,0.09501583430460414
2717,0.09501583430278515
2718,0.09501583430119354
2719,0.0950158342998293
2720,0.09501583430369465
2721,0.09501583430278515
2722,0.09501583428891536
2723,0.09501583430164828
2724,0.09501583430437677
2725,0.09501583430073879
2726,0.09501583430255778
2727,0.0950158342548093
2728,0.09501583430642313
2729,0.09501583430142091
2730,0.09501583429960192
2731,0.0950158343032399
2732,0.09501583430437677
2733,0.0950158342859595
2734,0.09501583430164828
2735,0.09501583430278515
2736,0.09501583429960192
2737,0.09501583430392202
2738,0.0950158343032399
2739,0.09501583430301253
2740,0.0950158343041494
2741,0.09501583429914717
2742,0.0950158343032399
2743,0.09501583430346727
2744,0.09501583428664162
2745,0.09501583430483151
2746,0.09501583430255778
2747,0.09501583430073879
2748,0.09501583430278515
2749,0.09501583430551364
2750,0.09501583425276294
2751,0.09501583430460414
2752,0.09501583430346727
2753,0.0950158342989198
2754,0.0950158343041494
2755,0.09501583428641425
2756,0.09501583430119354
2757,0.0950158343032399
2758,0.09501583429960192
2759,0.0950158343032399
2760,0.09501583430483151
2761,0.09501583430278515
2762,0.0950158343041494
2763,0.09501583430392202
2764,0.09501583429710081
2765,0.09501583430460414
2766,0.09501583428709637
2767,0.09501583430210303
2768,0.09501583430392202
2769,0.09501583430073879
2770,0.0950158343032399
2771,0.09501583430278515
2772,0.0950158342566283
2773,0.09501583430255778
2774,0.09501583430346727
2775,0.0950158342998293
2776,0.0950158343032399
2777,0.09501583430346727
2778,0.09501583428641425
2779,0.09501583430210303
2780,0.09501583429914717
2781,0.0950158343032399
2782,0.09501583430392202
2783,0.09501583430392202
2784,0.09501583430460414
2785,0.0950158343023304
2786,0.09501583429960192
2787,0.09501583430187566
2788,0.09501583430437677
2789,0.09501583428573213
2790,0.09501583430301253
2791,0.09501583430210303
2792,0.09501583430392202
2793,0.0950158343023304
2794,0.0950158342566283
2795,0.09501583430187566
2796,0.09501583430460414
2797,0.09501583429960192
2798,0.09501583430187566
2799,0.09501583430460414
2800,0.09501583428777849
2801,0.09501583430073879
2802,0.09501583430301253
2803,0.09501583430119354
2804,0.09501583430255778
2805,0.0950158343041494
2806,0.09501583430369465
2807,0.09501583430164828
2808,0.09501583430096616
2809,0.09501583430301253
2810,0.09501583430119354
2811,0.09501583428823324
2812,0.09501583430301253
2813,0.09501583430460414
2814,0.09501583430005667
2815,0.09501583430278515
2816,0.09501583429232596
2817,0.09501583426549587
2818,0.09501583430505889
2819,0.09501583429960192
2820,0.09501583430346727
2821,0.09501583430369465
2822,0.09501583428641425
2823,0.09501583430164828
2824,0.09501583430187566
2825,0.09501583430051141
2826,0.09501583430392202
2827,0.09501583430483151
2828,0.0950158343032399
2829,0.0950158343023304
2830,0.09501583429937455
2831,0.0950158343023304
2832,0.09501583430255778
2833,0.09501583428777849
2834,0.09501583430369465
2835,0.09501583430392202
2836,0.09501583430187566
2837,0.09501583430164828
2838,0.09501583430460414
2839,0.09501583425549143
2840,0.09501583430278515
2841,0.09501583430346727
2842,0.09501583429869243
2843,0.09501583430369465
2844,0.09501583428732374
2845,0.0950158343032399
2846,0.09501583430028404
2847,0.09501583429937455
2848,0.09501583430392202
2849,0.09501583430483151
2850,0.09501583430460414
2851,0.0950158343023304
2852,0.09501583430278515
2853,0.09501583429914717
2854,0.09501583430164828
2855,0.09501583428823324
2856,0.0950158343032399
2857,0.09501583430392202
2858,0.09501583430073879
2859,0.09501583430278515
2860,0.09501583430369465
2861,0.09501583425594617
2862,0.0950158343023304
2863,0.09501583430596838
2864,0.09501583429732818
2865,0.09501583430437677
2866,0.09501583430142091
2867,0.09501583428664162
2868,0.09501583430278515
2869,0.09501583429846505
2870,0.09501583430574101
2871,0.0950158343041494
2872,0.09501583430346727
2873,0.09501583430255778
2874,0.09501583430187566
2875,0.09501583430164828
2876,0.09501583430119354
2877,0.09501583430346727
2878,0.09501583428732374
2879,0.09501583430437677
2880,0.09501583430028404
2881,0.09501583430301253
2882,0.09501583430346727
2883,0.0950158342557188
2884,0.09501583430346727
2885,0.09501583430346727
2886,0.0950158342989198
2887,0.0950158343032399
2888,0.09501583430346727
2889,0.09501583428618687
2890,0.0950158343032399
2891,0.09501583430210303
2892,0.09501583430005667
2893,0.09501583430346727
2894,0.0950150423057039
2895,0.09501504230161117
2896,0.09501504230252067
2897,0.09501504230070168
2898,0.09501504230274804
2899,0.09501504230252067
2900,0.09501504228705926
2901,0.09501504230433966
2902,0.09501504230365754
2903,0.09501504229911006
2904,0.0950150423022933
2905,0.09501504230456703
2906,0.09501504225499957
2907,0.09501504230456703
2908,0.09501504229979219
2909,0.09501504230252067
2910,0.09501504230365754
2911,0.09501504228728663
2912,0.0950150423022933
2913,0.09501504230252067
2914,0.0950150423004743
2915,0.09501504230252067
2916,0.09501504230388491
2917,0.09501504230297542
2918,0.09501504230297542
2919,0.0950175363004746
2920,0.09501504230161117
2921,0.09501504230343016
2922,0.09501753628796905
2923,0.09501504230297542
2924,0.09501504230365754
2925,0.09501504230070168
2926,0.09501753630161147
2927,0.09501504230615865
2928,0.09501504225340796
2929,0.09501753630456733
2930,0.09501504230411228
2931,0.09501504229956481
2932,0.09501504230252067
2933,0.09501753628660481
2934,0.09501504230274804
2935,0.09501504230297542
2936,0.09501753629797349
2937,0.0950150423047944
2938,0.09501504230320279
2939,0.09501504230433966
2940,0.09501753630297571
2941,0.09501504230343016
2942,0.0950150422970637
2943,0.09501753630433996
2944,0.09501504230070168
2945,0.09501504229069724
2946,0.09501504230343016
2947,0.09501753629911036
2948,0.09501504230183855
2949,0.0950150423066134
2950,0.095017536253863
2951,0.09501504230388491
2952,0.09501504230456703
2953,0.09501504229979219
2954,0.09501753630252097
2955,0.09501504230252067
2956,0.09501504228614976
2957,0.09501753630388521
2958,0.09501504229774582
2959,0.09501504230433966
2960,0.09501504230433966
2961,0.09501753630388521
2962,0.09501504230297542
2963,0.09501504230388491
2964,0.09501753629842824
2965,0.09501504230343016
2966,0.0950150423022933
2967,0.09501504228796875
2968,0.09501753630252097
2969,0.09501504230547653
2970,0.09501504229842794
2971,0.09501753630274834
2972,0.09501504225704593
2973,0.09501504230433966
2974,0.09501504230206592
2975,0.09501753629956511
2976,0.0950150423057039
2977,0.0950150423013838
2978,0.0950175362875143
2979,0.0950150423013838
2980,0.09501504230252067
2981,0.09501504229933744
2982,0.09501753630388521
2983,0.09501504230320279
2984,0.09501504230365754
2985,0.09501753630343046
2986,0.09501504229956481
2987,0.09501504230343016
2988,0.09501504230365754
2989,0.09501753628615006
2990,0.09501504230388491
2991,0.09501504230365754
2992,0.09501753629888299
2993,0.09501504230365754
2994,0.09501504230365754
2995,0.09501504225613644
2996,0.09501753630365783
2997,0.09501504230024693
2998,0.0950150423022933
2999,0.09501753630343046
3000,0.095015042287514
